INSERT INTO solicitante (id_solicitante, tipo, documento, domicilio, correo, telefono, celular, fax, num_agente) VALUES
(1, 'Persona Jurídica', NULL, 'Calle 54, Zona Comercial', 'europa.corp.34@email.com', '+61 679-2023212', '+61 290-9714885', '+61 744-6073021', 1007),
(2, 'Persona Natural', NULL, 'Calle 98, Residencias', 'lucas.méndez@email.com', '+852 709-9717377', '+852 688-4336776', '+852 528-5219554', 1009),
(3, 'Persona Natural', NULL, 'Calle 144, Residencias', 'pedro.castillo@email.com', '+81 968-2937888', '+81 351-2483897', '+81 912-3712373', 1014),
(4, 'Persona Natural', NULL, 'Calle 194, Residencias', 'valeria.morales@email.com', '+55 156-7363862', '+55 321-2290883', '+55 438-5493612', 1004),
(5, 'Persona Jurídica', NULL, 'Calle 139, Av. Principal', 'construcciones.el.sol.73@email.com', '+52 830-8492383', '+52 340-9477157', '+52 579-9368974', 1015),
(6, 'Persona Jurídica', NULL, 'Calle 84, Av. Principal', 'empresas.globaltech.22@email.com', '+54 934-3082922', '+54 528-6179479', '+54 172-9389772', 1017),
(7, 'Persona Jurídica', 'J-35131621-7', 'Calle 31, Urb. Centro', 'construcciones.el.sol.13@email.com', '+58 540-6211870', '+58 536-3815897', '+58 506-5455877', NULL),
(8, 'Persona Natural', NULL, 'Calle 170, Urb. Centro', 'ricardo.fernández@email.com', '+852 892-3045513', '+852 601-1135530', '+852 263-8518899', 1008),
(9, 'Persona Jurídica', NULL, 'Calle 130, Residencias', 'inversiones.la.esperanza.36@email.com', '+33 19-4570067', '+33 72-6285954', '+33 75-1963271', 1012),
(10, 'Persona Natural', NULL, 'Calle 200, Residencias', 'ricardo.lópez@email.com', '+971 70-1291536', '+971 743-2959339', '+971 582-8517978', 1015),
(11, 'Persona Natural', NULL, 'Calle 76, Urb. Centro', 'ana.suárez@email.com', '+81 719-8020910', '+81 910-4205207', '+81 58-7220429', 1011),
(12, 'Persona Natural', NULL, 'Calle 123, Urb. Centro', 'david.castillo@email.com', '+1 596-154-6069', '+1 820-812-9712', '+1 954-869-7206', 1005),
(13, 'Persona Jurídica', NULL, 'Calle 76, Urb. Centro', 'pacific.enterprises.2@email.com', '+81 401-6239241', '+81 547-9837145', '+81 190-1935256', 1012),
(14, 'Persona Jurídica', NULL, 'Calle 41, Av. Principal', 'consorcio.techvision.62@email.com', '+1 551-477-3124', '+1 337-678-5322', '+1 838-524-8675', 1022),
(15, 'Persona Jurídica', NULL, 'Calle 84, Av. Principal', 'pacific.enterprises.65@email.com', '+54 11-9139125', '+54 940-2614633', '+54 349-7279758', 1014),
(16, 'Persona Jurídica', NULL, 'Calle 162, Av. Principal', 'pacific.enterprises.80@email.com', '+1 910-969-8220', '+1 565-976-5203', '+1 715-265-1260', 1007),
(17, 'Persona Jurídica', NULL, 'Calle 123, Zona Comercial', 'asia.trading.co.96@email.com', '+49 26-8880588', '+49 76-3363173', '+49 35-7054623', 1002),
(18, 'Persona Natural', NULL, 'Calle 93, Av. Principal', 'maría.pérez@email.com', '+61 330-8092751', '+61 995-5620523', '+61 446-9879235', 1003),
(19, 'Persona Natural', NULL, 'Calle 9, Av. Principal', 'pedro.pérez@email.com', '+54 671-5526487', '+54 452-2267871', '+54 670-4206978', 1022),
(20, 'Persona Jurídica', NULL, 'Calle 16, Urb. Centro', 'negocios.innovadores.11@email.com', '+33 67-4341173', '+33 62-3765574', '+33 46-2187257', 1014),
(21, 'Persona Natural', NULL, 'Calle 179, Av. Principal', 'ricardo.torres@email.com', '+52 360-7778354', '+52 594-4582624', '+52 558-2906444', 1004),
(22, 'Persona Jurídica', NULL, 'Calle 49, Urb. Centro', 'empresas.globaltech.99@email.com', '+54 276-4639531', '+54 988-4263549', '+54 358-9791785', 1014),
(23, 'Persona Jurídica', NULL, 'Calle 11, Zona Comercial', 'europa.corp.8@email.com', '+49 5-7894854', '+49 53-6934369', '+49 86-2520015', 1015),
(24, 'Persona Natural', 'V-87296931', 'Calle 96, Urb. Centro', 'david.garcía@email.com', '+58 229-5900735', '+58 922-9401810', '+58 369-8438116', NULL),
(25, 'Persona Jurídica', NULL, 'Calle 118, Urb. Centro', 'pacific.enterprises.96@email.com', '+44 14-5530594', '+44 34-4064793', '+44 35-9280590', 1011),
(26, 'Persona Jurídica', NULL, 'Calle 198, Av. Principal', 'negocios.innovadores.43@email.com', '+49 87-7483743', '+49 30-1283850', '+49 38-5214541', 1014),
(27, 'Persona Jurídica', NULL, 'Calle 104, Residencias', 'américa.holdings.20@email.com', '+44 46-6007057', '+44 12-3119272', '+44 89-1081031', 1004),
(28, 'Persona Jurídica', 'J-57353832-5', 'Calle 28, Zona Comercial', 'consorcio.techvision.33@email.com', '+58 261-3982956', '+58 926-6023844', '+58 717-4900168', NULL),
(29, 'Persona Jurídica', 'J-97895393-6', 'Calle 180, Residencias', 'negocios.innovadores.67@email.com', '+58 431-4355935', '+58 981-5647522', '+58 338-3311484', NULL),
(30, 'Persona Jurídica', NULL, 'Calle 63, Residencias', 'empresas.globaltech.95@email.com', '+49 96-5110318', '+49 91-8144072', '+49 36-1885170', 1001),
(31, 'Persona Jurídica', NULL, 'Calle 114, Zona Comercial', 'negocios.innovadores.69@email.com', '+44 20-9792876', '+44 82-9935480', '+44 23-4012000', 1010),
(32, 'Persona Natural', NULL, 'Calle 144, Av. Principal', 'maría.ramírez@email.com', '+971 100-4208656', '+971 49-7053225', '+971 917-7592189', 1005),
(33, 'Persona Natural', NULL, 'Calle 53, Residencias', 'josé.morales@email.com', '+852 732-9549624', '+852 959-9319001', '+852 705-3945626', 1009),
(34, 'Persona Natural', NULL, 'Calle 167, Zona Comercial', 'pedro.pérez@email.com', '+852 969-8264880', '+852 779-7529595', '+852 75-3193983', 1011),
(35, 'Persona Natural', NULL, 'Calle 22, Urb. Centro', 'sofía.pérez@email.com', '+1 753-316-5195', '+1 545-811-9063', '+1 697-201-6357', 1011),
(36, 'Persona Natural', NULL, 'Calle 23, Av. Principal', 'maría.castillo@email.com', '+39 735-3852301', '+39 465-6347816', '+39 477-7474898', 1004),
(37, 'Persona Jurídica', NULL, 'Calle 155, Av. Principal', 'negocios.innovadores.64@email.com', '+81 24-7720026', '+81 396-3561222', '+81 406-2638155', 1016),
(38, 'Persona Jurídica', NULL, 'Calle 65, Zona Comercial', 'consorcio.techvision.44@email.com', '+44 28-2028120', '+44 94-3521693', '+44 18-5121077', 1019),
(39, 'Persona Natural', NULL, 'Calle 86, Residencias', 'david.lópez@email.com', '+852 789-6895994', '+852 599-6176083', '+852 694-6903383', 1003),
(40, 'Persona Natural', NULL, 'Calle 167, Urb. Centro', 'maría.suárez@email.com', '+44 7-4874552', '+44 51-6313205', '+44 55-1058826', 1010),
(41, 'Persona Jurídica', NULL, 'Calle 136, Residencias', 'inversiones.la.esperanza.7@email.com', '+39 493-1871415', '+39 665-6719671', '+39 208-9308594', 1017),
(42, 'Persona Jurídica', NULL, 'Calle 70, Urb. Centro', 'consorcio.techvision.34@email.com', '+34 28-5298568', '+34 22-1271794', '+34 55-4299721', 1015),
(43, 'Persona Natural', NULL, 'Calle 144, Av. Principal', 'josé.gutiérrez@email.com', '+54 906-7687376', '+54 19-2396935', '+54 62-1802872', 1004),
(44, 'Persona Jurídica', NULL, 'Calle 86, Urb. Centro', 'pacific.enterprises.57@email.com', '+54 707-6302687', '+54 97-7326301', '+54 265-5162861', 1020),
(45, 'Persona Jurídica', NULL, 'Calle 152, Urb. Centro', 'asia.trading.co.96@email.com', '+33 48-7418383', '+33 26-3292510', '+33 43-1949065', 1012),
(46, 'Persona Natural', NULL, 'Calle 147, Av. Principal', 'luis.méndez@email.com', '+54 241-3788443', '+54 477-7852503', '+54 438-1234981', 1020),
(47, 'Persona Natural', NULL, 'Calle 187, Residencias', 'pedro.méndez@email.com', '+1 591-985-9904', '+1 731-826-8464', '+1 845-690-6690', 1007),
(48, 'Persona Jurídica', 'J-58764881-0', 'Calle 45, Av. Principal', 'asia.trading.co.31@email.com', '+58 312-5239815', '+58 250-5174253', '+58 255-9362467', NULL),
(49, 'Persona Natural', NULL, 'Calle 31, Urb. Centro', 'luis.pérez@email.com', '+971 26-1404400', '+971 836-7042564', '+971 791-6796954', 1021),
(50, 'Persona Jurídica', NULL, 'Calle 125, Zona Comercial', 'empresas.globaltech.46@email.com', '+81 58-4927630', '+81 777-3187919', '+81 568-7527785', 1013),
(51, 'Persona Jurídica', NULL, 'Calle 105, Av. Principal', 'asia.trading.co.94@email.com', '+34 34-2710365', '+34 14-9132043', '+34 74-1519547', 1004),
(52, 'Persona Natural', NULL, 'Calle 60, Zona Comercial', 'ricardo.vargas@email.com', '+852 851-2051804', '+852 120-4400283', '+852 956-1618152', 1006),
(53, 'Persona Jurídica', NULL, 'Calle 114, Av. Principal', 'empresas.globaltech.25@email.com', '+34 81-6453372', '+34 90-7979093', '+34 51-1731616', 1017),
(54, 'Persona Jurídica', NULL, 'Calle 192, Residencias', 'asia.trading.co.20@email.com', '+54 430-5179187', '+54 962-5229279', '+54 642-8462270', 1011),
(55, 'Persona Natural', NULL, 'Calle 152, Urb. Centro', 'maría.vargas@email.com', '+1 482-758-3670', '+1 983-638-2288', '+1 711-512-1870', 1001),
(56, 'Persona Natural', NULL, 'Calle 14, Zona Comercial', 'francisco.garcía@email.com', '+49 3-8829726', '+49 48-2825518', '+49 7-8845986', 1005),
(57, 'Persona Natural', NULL, 'Calle 162, Urb. Centro', 'francisco.lópez@email.com', '+33 41-8360477', '+33 56-3419471', '+33 20-7569958', 1018),
(58, 'Persona Natural', NULL, 'Calle 138, Residencias', 'gabriela.pérez@email.com', '+971 240-3498826', '+971 954-5769399', '+971 893-5749112', 1018),
(59, 'Persona Natural', NULL, 'Calle 119, Urb. Centro', 'patricia.herrera@email.com', '+1 491-472-7004', '+1 589-282-2197', '+1 825-975-7051', 1018),
(60, 'Persona Natural', NULL, 'Calle 166, Urb. Centro', 'gabriela.vargas@email.com', '+49 15-2611034', '+49 31-1220487', '+49 87-1089685', 1019),
(61, 'Persona Jurídica', NULL, 'Calle 19, Residencias', 'agroindustrias.del.sur.18@email.com', '+34 6-7044289', '+34 5-8198642', '+34 79-6723088', 1014),
(62, 'Persona Jurídica', NULL, 'Calle 199, Av. Principal', 'pacific.enterprises.36@email.com', '+852 828-4120782', '+852 155-5146735', '+852 586-6625925', 1019),
(63, 'Persona Natural', NULL, 'Calle 137, Zona Comercial', 'maría.medina@email.com', '+1 327-688-3701', '+1 841-796-5715', '+1 376-779-3191', 1015),
(64, 'Persona Natural', NULL, 'Calle 46, Av. Principal', 'valeria.fernández@email.com', '+52 476-9224899', '+52 401-1393392', '+52 797-9587899', 1005),
(65, 'Persona Natural', NULL, 'Calle 139, Zona Comercial', 'francisco.pérez@email.com', '+52 992-5315760', '+52 542-1525050', '+52 250-1878095', 1019),
(66, 'Persona Jurídica', NULL, 'Calle 112, Av. Principal', 'pacific.enterprises.75@email.com', '+81 857-1429046', '+81 414-7844761', '+81 727-4553881', 1001),
(67, 'Persona Jurídica', NULL, 'Calle 49, Urb. Centro', 'américa.holdings.15@email.com', '+52 530-9458240', '+52 484-3454950', '+52 606-8165682', 1002),
(68, 'Persona Jurídica', NULL, 'Calle 92, Zona Comercial', 'consorcio.techvision.1@email.com', '+49 68-2895467', '+49 73-7234951', '+49 44-6138961', 1001),
(69, 'Persona Natural', NULL, 'Calle 158, Zona Comercial', 'sofía.morales@email.com', '+39 686-8044222', '+39 998-7935525', '+39 219-1139634', 1019),
(70, 'Persona Natural', NULL, 'Calle 188, Urb. Centro', 'ricardo.castillo@email.com', '+52 729-9580519', '+52 941-3392065', '+52 479-2492927', 1011),
(71, 'Persona Jurídica', NULL, 'Calle 192, Zona Comercial', 'inversiones.la.esperanza.33@email.com', '+39 907-6906792', '+39 814-9556240', '+39 165-9489658', 1004),
(72, 'Persona Natural', NULL, 'Calle 112, Residencias', 'patricia.pérez@email.com', '+1 975-461-3398', '+1 690-998-2964', '+1 260-886-1422', 1015),
(73, 'Persona Jurídica', NULL, 'Calle 151, Residencias', 'pacific.enterprises.9@email.com', '+44 95-9163947', '+44 60-5361403', '+44 88-4751824', 1006),
(74, 'Persona Jurídica', NULL, 'Calle 17, Zona Comercial', 'américa.holdings.37@email.com', '+81 721-5905788', '+81 481-4004226', '+81 800-2066566', 1008),
(75, 'Persona Jurídica', NULL, 'Calle 71, Av. Principal', 'américa.holdings.13@email.com', '+852 969-7069470', '+852 550-5502895', '+852 626-6124885', 1018),
(76, 'Persona Natural', NULL, 'Calle 111, Urb. Centro', 'david.gutiérrez@email.com', '+61 919-7687472', '+61 563-1228984', '+61 919-6669952', 1007),
(77, 'Persona Jurídica', NULL, 'Calle 69, Residencias', 'negocios.innovadores.31@email.com', '+61 581-8185095', '+61 98-1810267', '+61 909-2087063', 1020),
(78, 'Persona Jurídica', NULL, 'Calle 143, Urb. Centro', 'negocios.innovadores.46@email.com', '+81 524-1608410', '+81 14-5916087', '+81 126-7607557', 1022),
(79, 'Persona Natural', NULL, 'Calle 95, Residencias', 'luis.vargas@email.com', '+34 99-8670546', '+34 52-3451844', '+34 12-7977203', 1002),
(80, 'Persona Natural', NULL, 'Calle 109, Zona Comercial', 'ricardo.rodríguez@email.com', '+49 81-8658320', '+49 7-7244669', '+49 96-8284843', 1002),
(81, 'Persona Jurídica', NULL, 'Calle 188, Urb. Centro', 'consorcio.techvision.95@email.com', '+852 957-4245831', '+852 618-7289389', '+852 61-9057585', 1021),
(82, 'Persona Natural', NULL, 'Calle 194, Urb. Centro', 'patricia.torres@email.com', '+54 300-6226158', '+54 843-5106262', '+54 486-5766077', 1015),
(83, 'Persona Jurídica', NULL, 'Calle 25, Av. Principal', 'consorcio.techvision.40@email.com', '+39 878-6808406', '+39 372-8073938', '+39 877-7521639', 1005),
(84, 'Persona Natural', NULL, 'Calle 196, Urb. Centro', 'pedro.pérez@email.com', '+81 944-7950084', '+81 407-3874828', '+81 888-5529835', 1003),
(85, 'Persona Natural', NULL, 'Calle 140, Av. Principal', 'patricia.vargas@email.com', '+49 98-7864182', '+49 47-9438019', '+49 66-1841105', 1014),
(86, 'Persona Natural', NULL, 'Calle 42, Urb. Centro', 'ana.fernández@email.com', '+39 777-5644484', '+39 680-6750606', '+39 155-1523898', 1014),
(87, 'Persona Natural', NULL, 'Calle 63, Av. Principal', 'francisco.méndez@email.com', '+39 560-1931909', '+39 459-2390860', '+39 391-4789315', 1006),
(88, 'Persona Jurídica', NULL, 'Calle 75, Residencias', 'consorcio.techvision.62@email.com', '+971 632-5339682', '+971 943-4172876', '+971 163-2331033', 1007),
(89, 'Persona Jurídica', NULL, 'Calle 99, Urb. Centro', 'américa.holdings.15@email.com', '+52 406-1769708', '+52 447-1785941', '+52 591-8687390', 1020),
(90, 'Persona Jurídica', NULL, 'Calle 57, Residencias', 'agroindustrias.del.sur.82@email.com', '+852 370-6552584', '+852 324-5895130', '+852 392-3157374', 1006),
(91, 'Persona Jurídica', NULL, 'Calle 36, Residencias', 'consorcio.techvision.54@email.com', '+33 71-8675261', '+33 34-5038327', '+33 81-9565630', 1006),
(92, 'Persona Jurídica', NULL, 'Calle 148, Zona Comercial', 'negocios.innovadores.27@email.com', '+49 82-3108665', '+49 22-9272190', '+49 4-5259759', 1010),
(93, 'Persona Natural', NULL, 'Calle 106, Zona Comercial', 'valeria.suárez@email.com', '+49 61-8814944', '+49 34-3117157', '+49 95-2761126', 1020),
(94, 'Persona Jurídica', NULL, 'Calle 39, Residencias', 'pacific.enterprises.12@email.com', '+49 55-1310425', '+49 64-9370802', '+49 54-9677112', 1011),
(95, 'Persona Jurídica', NULL, 'Calle 1, Zona Comercial', 'europa.corp.20@email.com', '+44 70-7093384', '+44 44-1172712', '+44 41-1300566', 1021),
(96, 'Persona Jurídica', NULL, 'Calle 185, Urb. Centro', 'asia.trading.co.64@email.com', '+55 259-6116066', '+55 507-2094807', '+55 823-9957152', 1019),
(97, 'Persona Jurídica', NULL, 'Calle 1, Urb. Centro', 'empresas.globaltech.78@email.com', '+34 84-4692319', '+34 58-3366845', '+34 27-3409351', 1013),
(98, 'Persona Natural', NULL, 'Calle 16, Urb. Centro', 'gabriela.torres@email.com', '+54 994-6122519', '+54 183-5977753', '+54 893-6761947', 1002),
(99, 'Persona Jurídica', NULL, 'Calle 64, Av. Principal', 'europa.corp.17@email.com', '+61 599-6862184', '+61 136-3765238', '+61 253-9959757', 1022),
(100, 'Persona Natural', NULL, 'Calle 186, Zona Comercial', 'luis.fernández@email.com', '+852 805-1677000', '+852 747-9549818', '+852 908-1594459', 1003),
(101, 'Persona Jurídica', NULL, 'Calle 155, Av. Principal', 'empresas.globaltech.78@email.com', '+1 438-767-8780', '+1 814-904-9322', '+1 426-994-2091', 1013),
(102, 'Persona Jurídica', NULL, 'Calle 12, Av. Principal', 'consorcio.techvision.51@email.com', '+81 812-3386706', '+81 270-5490202', '+81 597-8586302', 1018),
(103, 'Persona Jurídica', NULL, 'Calle 35, Zona Comercial', 'pacific.enterprises.54@email.com', '+33 61-4896206', '+33 34-9937735', '+33 68-2912879', 1011),
(104, 'Persona Natural', NULL, 'Calle 163, Av. Principal', 'gabriela.morales@email.com', '+1 927-297-3563', '+1 992-941-7265', '+1 732-144-3337', 1004),
(105, 'Persona Jurídica', NULL, 'Calle 50, Urb. Centro', 'agroindustrias.del.sur.63@email.com', '+39 63-3376990', '+39 40-8049551', '+39 829-6693151', 1006),
(106, 'Persona Jurídica', NULL, 'Calle 87, Av. Principal', 'inversiones.la.esperanza.36@email.com', '+39 848-2647506', '+39 511-1068900', '+39 375-3428339', 1017),
(107, 'Persona Jurídica', NULL, 'Calle 5, Residencias', 'negocios.innovadores.32@email.com', '+1 637-351-9428', '+1 208-717-7553', '+1 559-923-5434', 1008),
(108, 'Persona Natural', NULL, 'Calle 75, Residencias', 'josé.méndez@email.com', '+49 79-9582247', '+49 98-9522974', '+49 76-8567946', 1012),
(109, 'Persona Natural', 'V-27943365', 'Calle 125, Urb. Centro', 'patricia.medina@email.com', '+58 296-6021625', '+58 534-6080402', '+58 739-5806460', NULL),
(110, 'Persona Jurídica', NULL, 'Calle 84, Av. Principal', 'empresas.globaltech.94@email.com', '+34 56-6564561', '+34 39-1706313', '+34 4-8272118', 1022),
(111, 'Persona Natural', NULL, 'Calle 143, Zona Comercial', 'juan.lópez@email.com', '+52 896-1959787', '+52 446-1620553', '+52 732-7128144', 1004),
(112, 'Persona Jurídica', NULL, 'Calle 119, Residencias', 'europa.corp.12@email.com', '+1 652-434-2373', '+1 309-999-5573', '+1 464-726-9587', 1019),
(113, 'Persona Jurídica', NULL, 'Calle 60, Urb. Centro', 'américa.holdings.41@email.com', '+44 97-4184021', '+44 54-1318765', '+44 48-4512113', 1011),
(114, 'Persona Jurídica', NULL, 'Calle 187, Urb. Centro', 'consorcio.techvision.56@email.com', '+39 699-6475521', '+39 443-3051699', '+39 183-2233786', 1007),
(115, 'Persona Jurídica', NULL, 'Calle 46, Residencias', 'inversiones.la.esperanza.19@email.com', '+33 20-8143388', '+33 80-7543063', '+33 9-6987562', 1008),
(116, 'Persona Jurídica', NULL, 'Calle 194, Residencias', 'europa.corp.68@email.com', '+44 42-9754169', '+44 28-7652204', '+44 51-7681035', 1003),
(117, 'Persona Natural', 'V-67191233', 'Calle 108, Av. Principal', 'sofía.rodríguez@email.com', '+58 432-7773468', '+58 397-3790888', '+58 284-2685474', NULL),
(118, 'Persona Jurídica', NULL, 'Calle 68, Residencias', 'pacific.enterprises.70@email.com', '+49 52-4550586', '+49 86-7524303', '+49 65-9662010', 1012),
(119, 'Persona Natural', NULL, 'Calle 189, Av. Principal', 'sofía.morales@email.com', '+81 985-3964902', '+81 277-3395795', '+81 632-9967199', 1003),
(120, 'Persona Natural', NULL, 'Calle 115, Urb. Centro', 'patricia.garcía@email.com', '+34 70-2167013', '+34 26-2545415', '+34 18-2982533', 1008),
(121, 'Persona Natural', NULL, 'Calle 99, Residencias', 'josé.castillo@email.com', '+61 290-8156042', '+61 546-7834629', '+61 622-3357335', 1018),
(122, 'Persona Natural', NULL, 'Calle 36, Urb. Centro', 'ricardo.fernández@email.com', '+852 843-6863390', '+852 174-7568266', '+852 98-1705309', 1021),
(123, 'Persona Jurídica', NULL, 'Calle 56, Residencias', 'consorcio.techvision.4@email.com', '+55 720-7356124', '+55 776-7367787', '+55 560-5762975', 1009),
(124, 'Persona Natural', NULL, 'Calle 12, Av. Principal', 'francisco.rodríguez@email.com', '+852 516-3563512', '+852 103-3189262', '+852 401-6956865', 1011),
(125, 'Persona Jurídica', NULL, 'Calle 148, Zona Comercial', 'consorcio.techvision.21@email.com', '+81 915-3821878', '+81 812-2255244', '+81 468-7394921', 1022),
(126, 'Persona Natural', NULL, 'Calle 76, Residencias', 'carlos.vargas@email.com', '+44 82-3125593', '+44 25-5026729', '+44 81-6891518', 1011),
(127, 'Persona Natural', NULL, 'Calle 182, Residencias', 'pedro.fernández@email.com', '+52 616-4791795', '+52 650-2212809', '+52 553-4061782', 1012),
(128, 'Persona Jurídica', NULL, 'Calle 22, Residencias', 'asia.trading.co.36@email.com', '+52 226-1252027', '+52 674-4845588', '+52 327-5245965', 1004),
(129, 'Persona Jurídica', NULL, 'Calle 193, Urb. Centro', 'europa.corp.68@email.com', '+81 553-3261354', '+81 557-4203820', '+81 358-5023209', 1015),
(130, 'Persona Jurídica', NULL, 'Calle 175, Residencias', 'negocios.innovadores.95@email.com', '+34 44-5802652', '+34 94-5236543', '+34 97-5365707', 1008),
(131, 'Persona Jurídica', NULL, 'Calle 35, Zona Comercial', 'consorcio.techvision.83@email.com', '+61 966-1904036', '+61 36-9070317', '+61 294-9416718', 1017),
(132, 'Persona Jurídica', NULL, 'Calle 85, Av. Principal', 'europa.corp.45@email.com', '+52 230-9641767', '+52 275-4465142', '+52 334-2670700', 1018),
(133, 'Persona Natural', NULL, 'Calle 189, Urb. Centro', 'gabriela.méndez@email.com', '+33 60-7781026', '+33 29-4157879', '+33 23-2492608', 1022),
(134, 'Persona Jurídica', NULL, 'Calle 194, Av. Principal', 'consorcio.techvision.95@email.com', '+33 59-8640722', '+33 2-4384485', '+33 98-5616806', 1021),
(135, 'Persona Jurídica', 'J-81026917-6', 'Calle 174, Urb. Centro', 'pacific.enterprises.80@email.com', '+58 218-4508645', '+58 341-1643562', '+58 297-7214508', NULL),
(136, 'Persona Natural', NULL, 'Calle 146, Residencias', 'ana.herrera@email.com', '+1 507-289-8681', '+1 395-545-2072', '+1 290-370-2405', 1016),
(137, 'Persona Natural', NULL, 'Calle 47, Residencias', 'francisco.vargas@email.com', '+49 78-6603572', '+49 97-6175084', '+49 44-5607842', 1003),
(138, 'Persona Natural', NULL, 'Calle 20, Urb. Centro', 'francisco.rodríguez@email.com', '+971 384-3160670', '+971 132-9841805', '+971 489-1542566', 1007),
(139, 'Persona Jurídica', NULL, 'Calle 137, Av. Principal', 'agroindustrias.del.sur.81@email.com', '+61 376-5472824', '+61 98-6099034', '+61 600-9456737', 1003),
(140, 'Persona Jurídica', NULL, 'Calle 78, Residencias', 'europa.corp.12@email.com', '+34 77-4320049', '+34 69-9832512', '+34 36-7260184', 1017),
(141, 'Persona Jurídica', NULL, 'Calle 6, Av. Principal', 'construcciones.el.sol.78@email.com', '+1 286-132-2302', '+1 476-223-3165', '+1 516-218-3980', 1008),
(142, 'Persona Natural', NULL, 'Calle 70, Residencias', 'ana.morales@email.com', '+33 29-5320081', '+33 88-6132919', '+33 74-8809431', 1007),
(143, 'Persona Natural', 'V-87248248', 'Calle 183, Av. Principal', 'gabriela.rodríguez@email.com', '+58 758-8916467', '+58 784-5451813', '+58 627-3134265', NULL),
(144, 'Persona Jurídica', NULL, 'Calle 86, Zona Comercial', 'europa.corp.26@email.com', '+33 89-7411022', '+33 22-1141242', '+33 19-1301579', 1008),
(145, 'Persona Jurídica', NULL, 'Calle 124, Av. Principal', 'pacific.enterprises.56@email.com', '+852 531-9043832', '+852 894-4014335', '+852 967-4229075', 1006),
(146, 'Persona Jurídica', NULL, 'Calle 127, Zona Comercial', 'inversiones.la.esperanza.38@email.com', '+81 405-8679378', '+81 76-3814704', '+81 722-7427980', 1004),
(147, 'Persona Natural', NULL, 'Calle 163, Urb. Centro', 'gabriela.morales@email.com', '+33 28-2866691', '+33 85-3028894', '+33 63-3842932', 1006),
(148, 'Persona Jurídica', NULL, 'Calle 10, Residencias', 'agroindustrias.del.sur.53@email.com', '+49 88-2320326', '+49 91-6082742', '+49 25-1642549', 1014),
(149, 'Persona Jurídica', NULL, 'Calle 150, Av. Principal', 'europa.corp.15@email.com', '+1 694-157-1049', '+1 649-631-9483', '+1 214-773-6531', 1018),
(150, 'Persona Jurídica', NULL, 'Calle 121, Urb. Centro', 'construcciones.el.sol.4@email.com', '+34 81-9203187', '+34 48-1895842', '+34 5-7379990', 1021),
(151, 'Persona Natural', NULL, 'Calle 190, Urb. Centro', 'ana.ramírez@email.com', '+55 708-8624849', '+55 601-3626350', '+55 192-6762841', 1013),
(152, 'Persona Jurídica', NULL, 'Calle 186, Av. Principal', 'inversiones.la.esperanza.84@email.com', '+1 964-937-5024', '+1 949-135-9543', '+1 636-580-7049', 1020),
(153, 'Persona Natural', NULL, 'Calle 59, Zona Comercial', 'valeria.ramírez@email.com', '+52 922-8559141', '+52 555-8018331', '+52 226-4186850', 1021),
(154, 'Persona Natural', NULL, 'Calle 7, Residencias', 'juan.pérez@email.com', '+1 579-619-4327', '+1 543-754-2413', '+1 992-951-9231', 1009),
(155, 'Persona Natural', 'V-78420552', 'Calle 38, Zona Comercial', 'valeria.méndez@email.com', '+58 774-1758193', '+58 513-9851437', '+58 204-7338944', NULL),
(156, 'Persona Natural', NULL, 'Calle 22, Av. Principal', 'gabriela.fernández@email.com', '+55 445-2524079', '+55 412-6477927', '+55 94-8000180', 1012),
(157, 'Persona Natural', NULL, 'Calle 165, Urb. Centro', 'luis.garcía@email.com', '+55 48-9634451', '+55 343-7956401', '+55 372-7004000', 1010),
(158, 'Persona Natural', NULL, 'Calle 52, Av. Principal', 'juan.méndez@email.com', '+49 74-3122175', '+49 87-5786223', '+49 55-9040417', 1021),
(159, 'Persona Natural', NULL, 'Calle 100, Urb. Centro', 'carlos.medina@email.com', '+54 90-1975761', '+54 269-3380985', '+54 387-3540687', 1016),
(160, 'Persona Jurídica', NULL, 'Calle 64, Urb. Centro', 'europa.corp.21@email.com', '+1 224-965-9524', '+1 803-354-1927', '+1 305-593-7544', 1021),
(161, 'Persona Jurídica', NULL, 'Calle 99, Residencias', 'inversiones.la.esperanza.51@email.com', '+39 645-5707030', '+39 379-5014486', '+39 205-1978657', 1016),
(162, 'Persona Jurídica', NULL, 'Calle 73, Residencias', 'agroindustrias.del.sur.74@email.com', '+54 497-8116662', '+54 784-3180646', '+54 807-2491691', 1006),
(163, 'Persona Natural', NULL, 'Calle 52, Av. Principal', 'pedro.herrera@email.com', '+52 713-9973551', '+52 510-7939683', '+52 235-1722859', 1014),
(164, 'Persona Natural', NULL, 'Calle 42, Av. Principal', 'ana.méndez@email.com', '+54 226-5104388', '+54 655-7806489', '+54 104-8513644', 1010),
(165, 'Persona Jurídica', NULL, 'Calle 132, Av. Principal', 'inversiones.la.esperanza.39@email.com', '+34 80-9109002', '+34 63-2815401', '+34 63-4403977', 1005),
(166, 'Persona Natural', NULL, 'Calle 192, Residencias', 'maría.garcía@email.com', '+34 30-2833360', '+34 97-2123301', '+34 75-8214028', 1022),
(167, 'Persona Natural', NULL, 'Calle 33, Zona Comercial', 'lucas.morales@email.com', '+61 411-6632234', '+61 382-9496695', '+61 227-6738524', 1014),
(168, 'Persona Natural', NULL, 'Calle 35, Urb. Centro', 'maría.méndez@email.com', '+61 948-3273361', '+61 319-9993021', '+61 676-8976722', 1004),
(169, 'Persona Natural', 'V-75048962', 'Calle 148, Residencias', 'luis.castillo@email.com', '+58 653-4535103', '+58 322-8788676', '+58 275-1974258', NULL),
(170, 'Persona Jurídica', NULL, 'Calle 199, Zona Comercial', 'construcciones.el.sol.97@email.com', '+39 438-7305708', '+39 579-3339759', '+39 739-7770055', 1021),
(171, 'Persona Jurídica', NULL, 'Calle 191, Residencias', 'empresas.globaltech.96@email.com', '+1 870-109-3125', '+1 345-989-2789', '+1 260-217-4191', 1012),
(172, 'Persona Jurídica', NULL, 'Calle 115, Urb. Centro', 'agroindustrias.del.sur.4@email.com', '+61 110-6838900', '+61 497-4193840', '+61 962-8945716', 1017),
(173, 'Persona Jurídica', NULL, 'Calle 71, Residencias', 'consorcio.techvision.4@email.com', '+33 58-4808436', '+33 67-3884586', '+33 4-1974578', 1010),
(174, 'Persona Natural', NULL, 'Calle 164, Zona Comercial', 'luis.castillo@email.com', '+971 594-5731787', '+971 747-3434981', '+971 974-2012924', 1021),
(175, 'Persona Natural', NULL, 'Calle 180, Residencias', 'pedro.vargas@email.com', '+49 76-2721979', '+49 88-7271819', '+49 53-7500850', 1016),
(176, 'Persona Natural', NULL, 'Calle 27, Zona Comercial', 'juan.gutiérrez@email.com', '+852 433-9233231', '+852 266-8659856', '+852 739-5225632', 1022),
(177, 'Persona Natural', NULL, 'Calle 139, Zona Comercial', 'juan.pérez@email.com', '+39 984-2861421', '+39 473-2656480', '+39 372-8350047', 1022),
(178, 'Persona Natural', NULL, 'Calle 146, Residencias', 'josé.herrera@email.com', '+49 83-4063986', '+49 58-1723163', '+49 12-6124821', 1022),
(179, 'Persona Jurídica', NULL, 'Calle 82, Zona Comercial', 'pacific.enterprises.51@email.com', '+81 579-3272758', '+81 495-2896508', '+81 80-3623892', 1010),
(180, 'Persona Natural', NULL, 'Calle 89, Av. Principal', 'francisco.ramírez@email.com', '+49 7-7668151', '+49 71-6751357', '+49 23-3093717', 1004),
(181, 'Persona Jurídica', NULL, 'Calle 150, Urb. Centro', 'agroindustrias.del.sur.53@email.com', '+44 65-2145993', '+44 66-3121895', '+44 25-9014935', 1020),
(182, 'Persona Natural', NULL, 'Calle 64, Zona Comercial', 'patricia.rodríguez@email.com', '+61 84-8925641', '+61 584-1833424', '+61 377-1679867', 1020),
(183, 'Persona Natural', NULL, 'Calle 62, Av. Principal', 'carlos.torres@email.com', '+54 685-5257673', '+54 716-5545783', '+54 973-8072084', 1006),
(184, 'Persona Jurídica', NULL, 'Calle 163, Zona Comercial', 'américa.holdings.88@email.com', '+55 474-5657637', '+55 593-9134958', '+55 328-8985664', 1012),
(185, 'Persona Jurídica', NULL, 'Calle 191, Zona Comercial', 'europa.corp.94@email.com', '+971 766-4527852', '+971 869-5647545', '+971 726-8253852', 1020),
(186, 'Persona Jurídica', NULL, 'Calle 19, Residencias', 'américa.holdings.38@email.com', '+49 13-9000255', '+49 15-1286383', '+49 8-8660024', 1009),
(187, 'Persona Natural', NULL, 'Calle 105, Av. Principal', 'juan.gutiérrez@email.com', '+81 265-2074156', '+81 141-3797579', '+81 901-7518733', 1009),
(188, 'Persona Natural', NULL, 'Calle 51, Av. Principal', 'francisco.herrera@email.com', '+54 932-6994237', '+54 2-8879833', '+54 946-3707790', 1003),
(189, 'Persona Natural', NULL, 'Calle 190, Zona Comercial', 'patricia.morales@email.com', '+44 24-7749345', '+44 15-7547351', '+44 76-3321672', 1019),
(190, 'Persona Jurídica', NULL, 'Calle 182, Residencias', 'construcciones.el.sol.47@email.com', '+1 436-290-5755', '+1 828-871-6070', '+1 970-680-5444', 1017),
(191, 'Persona Natural', NULL, 'Calle 102, Zona Comercial', 'maría.castillo@email.com', '+852 891-2046435', '+852 522-5457001', '+852 183-8977838', 1002),
(192, 'Persona Jurídica', NULL, 'Calle 153, Av. Principal', 'asia.trading.co.70@email.com', '+39 106-9676859', '+39 143-8762854', '+39 601-4665304', 1013),
(193, 'Persona Natural', NULL, 'Calle 149, Residencias', 'juan.morales@email.com', '+852 710-5058702', '+852 473-3701903', '+852 161-1130574', 1004),
(194, 'Persona Natural', NULL, 'Calle 46, Urb. Centro', 'lucas.ramírez@email.com', '+971 939-6533650', '+971 858-1605230', '+971 731-1472081', 1001),
(195, 'Persona Natural', NULL, 'Calle 64, Zona Comercial', 'gabriela.castillo@email.com', '+81 134-3219820', '+81 858-5968602', '+81 691-4055326', 1016),
(196, 'Persona Jurídica', NULL, 'Calle 160, Zona Comercial', 'consorcio.techvision.76@email.com', '+44 92-1566132', '+44 11-4673958', '+44 84-3156936', 1003),
(197, 'Persona Natural', NULL, 'Calle 132, Zona Comercial', 'maría.méndez@email.com', '+39 157-1907862', '+39 826-7086240', '+39 888-8081160', 1016),
(198, 'Persona Jurídica', NULL, 'Calle 174, Zona Comercial', 'agroindustrias.del.sur.87@email.com', '+852 969-8107319', '+852 709-1836383', '+852 254-2073262', 1008),
(199, 'Persona Natural', NULL, 'Calle 49, Residencias', 'pedro.castillo@email.com', '+55 460-5425721', '+55 797-5405042', '+55 339-9282931', 1001),
(200, 'Persona Jurídica', NULL, 'Calle 185, Av. Principal', 'agroindustrias.del.sur.8@email.com', '+55 146-1826375', '+55 961-1311086', '+55 402-2494010', 1002);

INSERT INTO solicitante_natural (id_solicitante, nombre) VALUES
(2, 'Lucas Méndez'),
(3, 'Pedro Castillo'),
(4, 'Valeria Morales'),
(8, 'Ricardo Fernández'),
(10, 'Ricardo López'),
(11, 'Ana Suárez'),
(12, 'David Castillo'),
(18, 'María Pérez'),
(19, 'Pedro Pérez'),
(21, 'Ricardo Torres'),
(24, 'David García'),
(32, 'María Ramírez'),
(33, 'José Morales'),
(34, 'Pedro Pérez'),
(35, 'Sofía Pérez'),
(36, 'María Castillo'),
(39, 'David López'),
(40, 'María Suárez'),
(43, 'José Gutiérrez'),
(46, 'Luis Méndez'),
(47, 'Pedro Méndez'),
(49, 'Luis Pérez'),
(52, 'Ricardo Vargas'),
(55, 'María Vargas'),
(56, 'Francisco García'),
(57, 'Francisco López'),
(58, 'Gabriela Pérez'),
(59, 'Patricia Herrera'),
(60, 'Gabriela Vargas'),
(63, 'María Medina'),
(64, 'Valeria Fernández'),
(65, 'Francisco Pérez'),
(69, 'Sofía Morales'),
(70, 'Ricardo Castillo'),
(72, 'Patricia Pérez'),
(76, 'David Gutiérrez'),
(79, 'Luis Vargas'),
(80, 'Ricardo Rodríguez'),
(82, 'Patricia Torres'),
(84, 'Pedro Pérez'),
(85, 'Patricia Vargas'),
(86, 'Ana Fernández'),
(87, 'Francisco Méndez'),
(93, 'Valeria Suárez'),
(98, 'Gabriela Torres'),
(100, 'Luis Fernández'),
(104, 'Gabriela Morales'),
(108, 'José Méndez'),
(109, 'Patricia Medina'),
(111, 'Juan López'),
(117, 'Sofía Rodríguez'),
(119, 'Sofía Morales'),
(120, 'Patricia García'),
(121, 'José Castillo'),
(122, 'Ricardo Fernández'),
(124, 'Francisco Rodríguez'),
(126, 'Carlos Vargas'),
(127, 'Pedro Fernández'),
(133, 'Gabriela Méndez'),
(136, 'Ana Herrera'),
(137, 'Francisco Vargas'),
(138, 'Francisco Rodríguez'),
(142, 'Ana Morales'),
(143, 'Gabriela Rodríguez'),
(147, 'Gabriela Morales'),
(151, 'Ana Ramírez'),
(153, 'Valeria Ramírez'),
(154, 'Juan Pérez'),
(155, 'Valeria Méndez'),
(156, 'Gabriela Fernández'),
(157, 'Luis García'),
(158, 'Juan Méndez'),
(159, 'Carlos Medina'),
(163, 'Pedro Herrera'),
(164, 'Ana Méndez'),
(166, 'María García'),
(167, 'Lucas Morales'),
(168, 'María Méndez'),
(169, 'Luis Castillo'),
(174, 'Luis Castillo'),
(175, 'Pedro Vargas'),
(176, 'Juan Gutiérrez'),
(177, 'Juan Pérez'),
(178, 'José Herrera'),
(180, 'Francisco Ramírez'),
(182, 'Patricia Rodríguez'),
(183, 'Carlos Torres'),
(187, 'Juan Gutiérrez'),
(188, 'Francisco Herrera'),
(189, 'Patricia Morales'),
(191, 'María Castillo'),
(193, 'Juan Morales'),
(194, 'Lucas Ramírez'),
(195, 'Gabriela Castillo'),
(197, 'María Méndez'),
(199, 'Pedro Castillo');

INSERT INTO solicitante_juridico (id_solicitante, razon_social) VALUES
(1, 'Europa Corp. 34'),
(5, 'Construcciones El Sol 73'),
(6, 'Empresas GlobalTech 22'),
(7, 'Construcciones El Sol 13'),
(9, 'Inversiones La Esperanza 36'),
(13, 'Pacific Enterprises 2'),
(14, 'Consorcio TechVision 62'),
(15, 'Pacific Enterprises 65'),
(16, 'Pacific Enterprises 80'),
(17, 'Asia Trading Co. 96'),
(20, 'Negocios Innovadores 11'),
(22, 'Empresas GlobalTech 99'),
(23, 'Europa Corp. 8'),
(25, 'Pacific Enterprises 96'),
(26, 'Negocios Innovadores 43'),
(27, 'América Holdings 20'),
(28, 'Consorcio TechVision 33'),
(29, 'Negocios Innovadores 67'),
(30, 'Empresas GlobalTech 95'),
(31, 'Negocios Innovadores 69'),
(37, 'Negocios Innovadores 64'),
(38, 'Consorcio TechVision 44'),
(41, 'Inversiones La Esperanza 7'),
(42, 'Consorcio TechVision 34'),
(44, 'Pacific Enterprises 57'),
(45, 'Asia Trading Co. 96'),
(48, 'Asia Trading Co. 31'),
(50, 'Empresas GlobalTech 46'),
(51, 'Asia Trading Co. 94'),
(53, 'Empresas GlobalTech 25'),
(54, 'Asia Trading Co. 20'),
(61, 'Agroindustrias del Sur 18'),
(62, 'Pacific Enterprises 36'),
(66, 'Pacific Enterprises 75'),
(67, 'América Holdings 15'),
(68, 'Consorcio TechVision 1'),
(71, 'Inversiones La Esperanza 33'),
(73, 'Pacific Enterprises 9'),
(74, 'América Holdings 37'),
(75, 'América Holdings 13'),
(77, 'Negocios Innovadores 31'),
(78, 'Negocios Innovadores 46'),
(81, 'Consorcio TechVision 95'),
(83, 'Consorcio TechVision 40'),
(88, 'Consorcio TechVision 62'),
(89, 'América Holdings 15'),
(90, 'Agroindustrias del Sur 82'),
(91, 'Consorcio TechVision 54'),
(92, 'Negocios Innovadores 27'),
(94, 'Pacific Enterprises 12'),
(95, 'Europa Corp. 20'),
(96, 'Asia Trading Co. 64'),
(97, 'Empresas GlobalTech 78'),
(99, 'Europa Corp. 17'),
(101, 'Empresas GlobalTech 78'),
(102, 'Consorcio TechVision 51'),
(103, 'Pacific Enterprises 54'),
(105, 'Agroindustrias del Sur 63'),
(106, 'Inversiones La Esperanza 36'),
(107, 'Negocios Innovadores 32'),
(110, 'Empresas GlobalTech 94'),
(112, 'Europa Corp. 12'),
(113, 'América Holdings 41'),
(114, 'Consorcio TechVision 56'),
(115, 'Inversiones La Esperanza 19'),
(116, 'Europa Corp. 68'),
(118, 'Pacific Enterprises 70'),
(123, 'Consorcio TechVision 4'),
(125, 'Consorcio TechVision 21'),
(128, 'Asia Trading Co. 36'),
(129, 'Europa Corp. 68'),
(130, 'Negocios Innovadores 95'),
(131, 'Consorcio TechVision 83'),
(132, 'Europa Corp. 45'),
(134, 'Consorcio TechVision 95'),
(135, 'Pacific Enterprises 80'),
(139, 'Agroindustrias del Sur 81'),
(140, 'Europa Corp. 12'),
(141, 'Construcciones El Sol 78'),
(144, 'Europa Corp. 26'),
(145, 'Pacific Enterprises 56'),
(146, 'Inversiones La Esperanza 38'),
(148, 'Agroindustrias del Sur 53'),
(149, 'Europa Corp. 15'),
(150, 'Construcciones El Sol 4'),
(152, 'Inversiones La Esperanza 84'),
(160, 'Europa Corp. 21'),
(161, 'Inversiones La Esperanza 51'),
(162, 'Agroindustrias del Sur 74'),
(165, 'Inversiones La Esperanza 39'),
(170, 'Construcciones El Sol 97'),
(171, 'Empresas GlobalTech 96'),
(172, 'Agroindustrias del Sur 4'),
(173, 'Consorcio TechVision 4'),
(179, 'Pacific Enterprises 51'),
(181, 'Agroindustrias del Sur 53'),
(184, 'América Holdings 88'),
(185, 'Europa Corp. 94'),
(186, 'América Holdings 38'),
(190, 'Construcciones El Sol 47'),
(192, 'Asia Trading Co. 70'),
(196, 'Consorcio TechVision 76'),
(198, 'Agroindustrias del Sur 87'),
(200, 'Agroindustrias del Sur 8');