-- Se insertan todos los países utilizados en la tabla 
INSERT INTO pais (nombre) VALUES
('Nigeria'),
('Estados Unidos'),
('Australia'),
('México'),
('Alemania'),
('Colombia'),
('Rusia'),
('Argentina'),
('Canadá'),
('India'),
('China'),
('Francia'),
('Reino Unido'),
('Brasil'),
('Japón'),
('España'),
('Sudáfrica'),
('Venezuela'),
('Emiratos Árabes'),
('Italia'),
('Hong Kong');

-- Se insertan los datos de los apoderados 
INSERT INTO apoderado (num_agente, nombre, documento, domicilio, pais_dom, pais_nac, ctc_correo, ctc_telefono, ctc_celular, ctc_fax) VALUES
(1001, 'Juan Pérez', 'V-12345678', 'Av. Libertador 123, Caracas', 'Venezuela', 'Venezuela', 'juan.perez@bufete.com', '0212-5551234', '0412-3456789', '0212-5555678'),
(1002, 'María González', 'V-23456789', 'Calle Sucre 45, Maracaibo', 'Venezuela', 'Venezuela', 'maria.gonzalez@legal.com', '0261-5556789', '0414-9876543', '0261-5554321'),
(1003, 'Pedro Ramírez', 'V-34567890', 'Av. Bolívar 89, Valencia', 'Venezuela', 'Venezuela', 'pedro.ramirez@law.com', '0241-5558765', '0416-7654321', '0241-5553456'),
(1004, 'Ana Rodríguez', 'V-45678901', 'Calle Miranda 101, Barquisimeto', 'Venezuela', 'Venezuela', 'ana.rodriguez@abogados.com', '0251-5552345', '0424-2345678', '0251-5556789'),
(1005, 'Luis Fernández', 'V-56789012', 'Urb. La Castellana, Caracas', 'Venezuela', 'Venezuela', 'luis.fernandez@firmalegal.com', '0212-5559876', '0412-8765432', '0212-5551234'),
(1006, 'Carolina Herrera', 'V-67890123', 'Av. Los Próceres, Mérida', 'Venezuela', 'Venezuela', 'carolina.herrera@legal.com', '0274-5554321', '0426-5432187', '0274-5558765'),
(1007, 'Ricardo López', 'V-78901234', 'Calle Vargas 22, San Cristóbal', 'Venezuela', 'Venezuela', 'ricardo.lopez@bufete.com', '0276-5551234', '0412-9876543', '0276-5556789'),
(1008, 'Gabriela Márquez', 'V-89012345', 'Av. Urdaneta 150, Caracas', 'Venezuela', 'Venezuela', 'gabriela.marquez@law.com', '0212-5556789', '0416-2345678', '0212-5553456'),
(1009, 'Fernando Salazar', 'V-90123456', 'Calle Comercio, Valencia', 'Venezuela', 'Venezuela', 'fernando.salazar@legal.com', '0241-5553456', '0414-7654321', '0241-5559876'),
(1010, 'Adriana Pérez', 'V-01234567', 'Urb. La Viña, Maracay', 'Venezuela', 'Venezuela', 'adriana.perez@abogados.com', '0243-5558765', '0412-4321098', '0243-5552345'),
(1011, 'Manuel Rojas', 'V-11223344', 'Av. Victoria, Caracas', 'Venezuela', 'Venezuela', 'manuel.rojas@bufete.com', '0212-5554321', '0426-1234567', '0212-5556789'),
(1012, 'Valentina Suárez', 'V-22334455', 'Calle Real, Cumaná', 'Venezuela', 'Venezuela', 'valentina.suarez@legal.com', '0293-5559876', '0414-6789012', '0293-5551234'),
(1013, 'Sebastián Medina', 'V-33445566', 'Av. Principal, Puerto La Cruz', 'Venezuela', 'Venezuela', 'sebastian.medina@law.com', '0281-5553456', '0412-8901234', '0281-5556789'),
(1014, 'Daniela Vargas', 'V-44556677', 'Urb. Altamira, Caracas', 'Venezuela', 'Venezuela', 'daniela.vargas@abogados.com', '0212-5552345', '0424-5678901', '0212-5558765'),
(1015, 'Andrés Castillo', 'V-55667788', 'Calle Falcón, Barinas', 'Venezuela', 'Venezuela', 'andres.castillo@bufete.com', '0273-5556789', '0416-3456789', '0273-5551234'),
(1016, 'Patricia Delgado', 'V-66778899', 'Av. Sucre, Maracaibo', 'Venezuela', 'Venezuela', 'patricia.delgado@legal.com', '0261-5559876', '0414-2345678', '0261-5554321'),
(1017, 'Alejandro Torres', 'V-77889900', 'Urb. La Lagunita, Caracas', 'Venezuela', 'Venezuela', 'alejandro.torres@law.com', '0212-5558765', '0412-5678901', '0212-5553456'),
(1018, 'Natalia Ramírez', 'V-88990011', 'Calle Miranda, Mérida', 'Venezuela', 'Venezuela', 'natalia.ramirez@abogados.com', '0274-5552345', '0424-9876543', '0274-5556789'),
(1019, 'Enrique Contreras', 'V-99001122', 'Av. Las Mercedes, Caracas', 'Venezuela', 'Venezuela', 'enrique.contreras@bufete.com', '0212-5556789', '0416-7654321', '0212-5551234'),
(1020, 'Vanessa León', 'V-00112233', 'Calle Urdaneta, Barquisimeto', 'Venezuela', 'Venezuela', 'vanessa.leon@legal.com', '0251-5553456', '0414-8765432', '0251-5559876'),
(1021, 'Eduardo Fernández', 'V-11223344', 'Av. El Estadio, Valencia', 'Venezuela', 'Venezuela', 'eduardo.fernandez@law.com', '0241-5552345', '0412-6543210', '0241-5556789'),
(1022, 'Mariana Ruiz', 'V-22334455', 'Urb. Los Chaguaramos, Caracas', 'Venezuela', 'Venezuela', 'mariana.ruiz@abogados.com', '0212-5558765', '0424-3210987', '0212-5552345');

-- Se insertan las respectivas prioridades extranjeras
INSERT INTO prioridad_extranjera (numero_prioridad, fk_pais, fecha) VALUES
('G1D4UNV2TWLFVTBK', 'Nigeria', '2024-12-14'),
('UWHED6JHAZPDX2SI0M', 'Estados Unidos', '2024-09-05'),
('VUUQYYOJ38QNBN', 'Australia', '2024-09-04'),
('SAPQWZZKYBXI', 'México', '2025-02-11'),
('LSUDFUITBDCAZD2NQ', 'Alemania', '2024-12-17'),
('DBCMD64NMHO38OUCCN', 'Colombia', '2024-09-25'),
('6MN2L1WT7K2HKKSR', 'Rusia', '2024-12-21'),
('TLSN6RXOXAPRTFAMQ', 'Argentina', '2024-09-29'),
('G76HZYGI4JOJKHFOZ', 'Canadá', '2025-02-12'),
('0Z3TC4ZMA5AKTTD', 'India', '2025-02-27'),
('AAHPDFWLM1FR', 'Australia', '2025-02-12'),
('XGV0D3LGDLGGFFX3', 'China', '2024-12-16'),
('EGGZHFCBC3662OS2WBF', 'Francia', '2024-10-15'),
('1SUYHDCLGBRA', 'Reino Unido', '2024-10-10'),
('OXSL7FTZBOHN0TM', 'Reino Unido', '2024-10-13'),
('7U4ZGOXVENRNQ', 'Alemania', '2024-10-04'),
('BARJ44M0OHU7', 'Francia', '2024-11-06'),
('6EZIPYJHILR8OB', 'Brasil', '2025-01-05'),
('VNYXU4ONGFYI', 'Japón', '2024-09-16'),
('P5NCHEJRGI3XD4N', 'España', '2024-12-15'),
('MYNBZGHVSOJ6', 'India', '2024-08-31'),
('BCYN0FO7OSGUZ3D', 'China', '2024-11-10'),
('C6U5S3WW9TFCICBH', 'Nigeria', '2025-01-15'),
('D5DU10RCU3LR5BSDK', 'Estados Unidos', '2025-02-22'),
('NIZESJNPNLIW', 'Rusia', '2025-02-23'),
('RC9QCWNQAIWZTCWEHRP', 'Reino Unido', '2024-09-22'),
('3OCIUR20P71ZQ', 'Sudáfrica', '2024-12-12'),
('YYZEIWAFAT3OE4X7V4', 'Francia', '2025-01-24'), 
('H3YIP1VMTOCEG6DOZ', 'España', '2025-01-26'),
('IQHGW6IHBID4SWDZA', 'Canadá', '2025-01-27'),
('47Z6BO4H7097RFK5GYJC', 'Rusia', '2024-10-05'),
('I8TK09J8JL0SE', 'India', '2025-01-26'),
('IVROF17YALAXYMZ', 'Brasil', '2025-02-18'),
('MPIUJ8ZNJ99XLQHJI9TQ', 'Australia', '2024-12-12');

-- Se insertan los datos de los solicitantes 
INSERT INTO solicitante (id_solicitante, tipo, documento, domicilio, pais_dom, pais_nac, correo, telefono, celular, fax, num_agente) VALUES
(1, 'Persona Jurídica', NULL, 'Calle 54, Zona Comercial', 'Australia', 'Australia', 'europa.corp.34@email.com', '+61 679-2023212', '+61 290-9714885', '+61 744-6073021', 1007),
(2, 'Persona Natural', NULL, 'Calle 98, Residencias', 'Hong Kong', 'Hong Kong', 'lucas.méndez@email.com', '+852 709-9717377', '+852 688-4336776', '+852 528-5219554', 1009),
(3, 'Persona Natural', NULL, 'Calle 144, Residencias', 'Japón', 'Japón', 'pedro.castillo@email.com', '+81 968-2937888', '+81 351-2483897', '+81 912-3712373', 1014),
(4, 'Persona Natural', NULL, 'Calle 194, Residencias', 'Brasil', 'Brasil', 'valeria.morales@email.com', '+55 156-7363862', '+55 321-2290883', '+55 438-5493612', 1004),
(5, 'Persona Jurídica', NULL, 'Calle 139, Av. Principal', 'México', 'México', 'construcciones.el.sol.73@email.com', '+52 830-8492383', '+52 340-9477157', '+52 579-9368974', 1015),
(6, 'Persona Jurídica', NULL, 'Calle 84, Av. Principal', 'Argentina', 'Argentina', 'empresas.globaltech.22@email.com', '+54 934-3082922', '+54 528-6179479', '+54 172-9389772', 1017),
(7, 'Persona Jurídica', 'J-35131621-7', 'Calle 31, Urb. Centro', 'Venezuela', 'Venezuela', 'construcciones.el.sol.13@email.com', '+58 540-6211870', '+58 536-3815897', '+58 506-5455877', NULL),
(8, 'Persona Natural', NULL, 'Calle 170, Urb. Centro', 'Hong Kong', 'Hong Kong', 'ricardo.fernández@email.com', '+852 892-3045513', '+852 601-1135530', '+852 263-8518899', 1008),
(9, 'Persona Jurídica', NULL, 'Calle 130, Residencias', 'Francia', 'Francia', 'inversiones.la.esperanza.36@email.com', '+33 19-4570067', '+33 72-6285954', '+33 75-1963271', 1012),
(10, 'Persona Natural', NULL, 'Calle 200, Residencias', 'Emiratos Árabes', 'Emiratos Árabes', 'ricardo.lópez@email.com', '+971 70-1291536', '+971 743-2959339', '+971 582-8517978', 1015),
(11, 'Persona Natural', NULL, 'Calle 76, Urb. Centro', 'Japón', 'Japón', 'ana.suárez@email.com', '+81 719-8020910', '+81 910-4205207', '+81 58-7220429', 1011),
(12, 'Persona Natural', NULL, 'Calle 123, Urb. Centro', 'Estados Unidos', 'Estados Unidos', 'david.castillo@email.com', '+1 596-154-6069', '+1 820-812-9712', '+1 954-869-7206', 1005),
(13, 'Persona Jurídica', NULL, 'Calle 76, Urb. Centro', 'Japón', 'Japón', 'pacific.enterprises.2@email.com', '+81 401-6239241', '+81 547-9837145', '+81 190-1935256', 1012),
(14, 'Persona Jurídica', NULL, 'Calle 41, Av. Principal', 'Canadá', 'Canadá', 'consorcio.techvision.62@email.com', '+1 551-477-3124', '+1 337-678-5322', '+1 838-524-8675', 1022),
(15, 'Persona Jurídica', NULL, 'Calle 84, Av. Principal', 'Argentina', 'Argentina', 'pacific.enterprises.65@email.com', '+54 11-9139125', '+54 940-2614633', '+54 349-7279758', 1014),
(16, 'Persona Jurídica', NULL, 'Calle 162, Av. Principal', 'Canadá', 'Canadá', 'pacific.enterprises.80@email.com', '+1 910-969-8220', '+1 565-976-5203', '+1 715-265-1260', 1007),
(17, 'Persona Jurídica', NULL, 'Calle 123, Zona Comercial', 'Alemania', 'Alemania', 'asia.trading.co.96@email.com', '+49 26-8880588', '+49 76-3363173', '+49 35-7054623', 1002),
(18, 'Persona Natural', NULL, 'Calle 93, Av. Principal', 'Australia', 'Australia', 'maría.pérez@email.com', '+61 330-8092751', '+61 995-5620523', '+61 446-9879235', 1003),
(19, 'Persona Natural', NULL, 'Calle 9, Av. Principal', 'Argentina', 'Argentina', 'pedro.pérez@email.com', '+54 671-5526487', '+54 452-2267871', '+54 670-4206978', 1022),
(20, 'Persona Jurídica', NULL, 'Calle 16, Urb. Centro', 'Francia', 'Francia', 'negocios.innovadores.11@email.com', '+33 67-4341173', '+33 62-3765574', '+33 46-2187257', 1014),
(21, 'Persona Natural', NULL, 'Calle 179, Av. Principal', 'México', 'México', 'ricardo.torres@email.com', '+52 360-7778354', '+52 594-4582624', '+52 558-2906444', 1004),
(22, 'Persona Jurídica', NULL, 'Calle 49, Urb. Centro', 'Argentina', 'Argentina', 'empresas.globaltech.99@email.com', '+54 276-4639531', '+54 988-4263549', '+54 358-9791785', 1014),
(23, 'Persona Jurídica', NULL, 'Calle 11, Zona Comercial', 'Alemania', 'Alemania', 'europa.corp.8@email.com', '+49 5-7894854', '+49 53-6934369', '+49 86-2520015', 1015),
(24, 'Persona Natural', 'V-87296931', 'Calle 96, Urb. Centro', 'Venezuela', 'Venezuela', 'david.garcía@email.com', '+58 229-5900735', '+58 922-9401810', '+58 369-8438116', NULL),
(25, 'Persona Jurídica', NULL, 'Calle 118, Urb. Centro', 'Reino Unido', 'Reino Unido', 'pacific.enterprises.96@email.com', '+44 14-5530594', '+44 34-4064793', '+44 35-9280590', 1011),
(26, 'Persona Jurídica', NULL, 'Calle 198, Av. Principal', 'Alemania', 'Alemania', 'negocios.innovadores.43@email.com', '+49 87-7483743', '+49 30-1283850', '+49 38-5214541', 1014),
(27, 'Persona Jurídica', NULL, 'Calle 104, Residencias', 'Reino Unido', 'Reino Unido', 'américa.holdings.20@email.com', '+44 46-6007057', '+44 12-3119272', '+44 89-1081031', 1004),
(28, 'Persona Jurídica', 'J-57353832-5', 'Calle 28, Zona Comercial', 'Venezuela', 'Venezuela', 'consorcio.techvision.33@email.com', '+58 261-3982956', '+58 926-6023844', '+58 717-4900168', NULL),
(29, 'Persona Jurídica', 'J-97895393-6', 'Calle 180, Residencias', 'Venezuela', 'Venezuela', 'negocios.innovadores.67@email.com', '+58 431-4355935', '+58 981-5647522', '+58 338-3311484', NULL),
(30, 'Persona Jurídica', NULL, 'Calle 63, Residencias', 'Alemania', 'Alemania', 'empresas.globaltech.95@email.com', '+49 96-5110318', '+49 91-8144072', '+49 36-1885170', 1001),
(31, 'Persona Jurídica', NULL, 'Calle 114, Zona Comercial', 'Reino Unido', 'Reino Unido', 'negocios.innovadores.69@email.com', '+44 20-9792876', '+44 82-9935480', '+44 23-4012000', 1010),
(32, 'Persona Natural', NULL, 'Calle 144, Av. Principal', 'Emiratos Árabes', 'Emiratos Árabes', 'maría.ramírez@email.com', '+971 100-4208656', '+971 49-7053225', '+971 917-7592189', 1005),
(33, 'Persona Natural', NULL, 'Calle 53, Residencias', 'Hong Kong', 'Hong Kong', 'josé.morales@email.com', '+852 732-9549624', '+852 959-9319001', '+852 705-3945626', 1009),
(34, 'Persona Natural', NULL, 'Calle 167, Zona Comercial', 'Hong Kong', 'Hong Kong', 'pedro.pérez@email.com', '+852 969-8264880', '+852 779-7529595', '+852 75-3193983', 1011),
(35, 'Persona Natural', NULL, 'Calle 22, Urb. Centro', 'Canadá', 'Canadá', 'sofía.pérez@email.com', '+1 753-316-5195', '+1 545-811-9063', '+1 697-201-6357', 1011),
(36, 'Persona Natural', NULL, 'Calle 23, Av. Principal', 'Italia', 'Italia', 'maría.castillo@email.com', '+39 735-3852301', '+39 465-6347816', '+39 477-7474898', 1004),
(37, 'Persona Jurídica', NULL, 'Calle 155, Av. Principal', 'Japón', 'Japón', 'negocios.innovadores.64@email.com', '+81 24-7720026', '+81 396-3561222', '+81 406-2638155', 1016),
(38, 'Persona Jurídica', NULL, 'Calle 65, Zona Comercial', 'Reino Unido', 'Reino Unido', 'consorcio.techvision.44@email.com', '+44 28-2028120', '+44 94-3521693', '+44 18-5121077', 1019),
(39, 'Persona Natural', NULL, 'Calle 86, Residencias', 'Hong Kong', 'Hong Kong', 'david.lópez@email.com', '+852 789-6895994', '+852 599-6176083', '+852 694-6903383', 1003),
(40, 'Persona Natural', NULL, 'Calle 167, Urb. Centro', 'Reino Unido', 'Reino Unido', 'maría.suárez@email.com', '+44 7-4874552', '+44 51-6313205', '+44 55-1058826', 1010),
(41, 'Persona Jurídica', NULL, 'Calle 136, Residencias', 'Italia', 'Italia', 'inversiones.la.esperanza.7@email.com', '+39 493-1871415', '+39 665-6719671', '+39 208-9308594', 1017),
(42, 'Persona Jurídica', NULL, 'Calle 70, Urb. Centro', 'España', 'España', 'consorcio.techvision.34@email.com', '+34 28-5298568', '+34 22-1271794', '+34 55-4299721', 1015),
(43, 'Persona Natural', NULL, 'Calle 144, Av. Principal', 'Argentina', 'Argentina', 'josé.gutiérrez@email.com', '+54 906-7687376', '+54 19-2396935', '+54 62-1802872', 1004),
(44, 'Persona Jurídica', NULL, 'Calle 86, Urb. Centro', 'Argentina', 'Argentina', 'pacific.enterprises.57@email.com', '+54 707-6302687', '+54 97-7326301', '+54 265-5162861', 1020),
(45, 'Persona Jurídica', NULL, 'Calle 152, Urb. Centro', 'Francia', 'Francia', 'asia.trading.co.96@email.com', '+33 48-7418383', '+33 26-3292510', '+33 43-1949065', 1012),
(46, 'Persona Natural', NULL, 'Calle 147, Av. Principal', 'Argentina', 'Argentina', 'luis.méndez@email.com', '+54 241-3788443', '+54 477-7852503', '+54 438-1234981', 1020),
(47, 'Persona Natural', NULL, 'Calle 187, Residencias', 'Canadá', 'Canadá', 'pedro.méndez@email.com', '+1 591-985-9904', '+1 731-826-8464', '+1 845-690-6690', 1007),
(48, 'Persona Jurídica', 'J-58764881-0', 'Calle 45, Av. Principal', 'Venezuela', 'Venezuela', 'asia.trading.co.31@email.com', '+58 312-5239815', '+58 250-5174253', '+58 255-9362467', NULL),
(49, 'Persona Natural', NULL, 'Calle 31, Urb. Centro', 'Emiratos Árabes', 'Emiratos Árabes', 'luis.pérez@email.com', '+971 26-1404400', '+971 836-7042564', '+971 791-6796954', 1021),
(50, 'Persona Jurídica', NULL, 'Calle 125, Zona Comercial', 'Japón', 'Japón', 'empresas.globaltech.46@email.com', '+81 58-4927630', '+81 777-3187919', '+81 568-7527785', 1013),
(51, 'Persona Jurídica', NULL, 'Calle 105, Av. Principal', 'España', 'España', 'asia.trading.co.94@email.com', '+34 34-2710365', '+34 14-9132043', '+34 74-1519547', 1004),
(52, 'Persona Natural', NULL, 'Calle 60, Zona Comercial', 'Hong Kong', 'Hong Kong', 'ricardo.vargas@email.com', '+852 851-2051804', '+852 120-4400283', '+852 956-1618152', 1006),
(53, 'Persona Jurídica', NULL, 'Calle 114, Av. Principal', 'España', 'España', 'empresas.globaltech.25@email.com', '+34 81-6453372', '+34 90-7979093', '+34 51-1731616', 1017),
(54, 'Persona Jurídica', NULL, 'Calle 192, Residencias', 'Argentina', 'Argentina', 'asia.trading.co.20@email.com', '+54 430-5179187', '+54 962-5229279', '+54 642-8462270', 1011),
(55, 'Persona Natural', NULL, 'Calle 152, Urb. Centro', 'Canadá', 'Canadá', 'maría.vargas@email.com', '+1 482-758-3670', '+1 983-638-2288', '+1 711-512-1870', 1001),
(56, 'Persona Natural', NULL, 'Calle 14, Zona Comercial', 'Alemania', 'Alemania', 'francisco.garcía@email.com', '+49 3-8829726', '+49 48-2825518', '+49 7-8845986', 1005),
(57, 'Persona Natural', NULL, 'Calle 162, Urb. Centro', 'Francia', 'Francia', 'francisco.lópez@email.com', '+33 41-8360477', '+33 56-3419471', '+33 20-7569958', 1018),
(58, 'Persona Natural', NULL, 'Calle 138, Residencias', 'Emiratos Árabes', 'Emiratos Árabes', 'gabriela.pérez@email.com', '+971 240-3498826', '+971 954-5769399', '+971 893-5749112', 1018),
(59, 'Persona Natural', NULL, 'Calle 119, Urb. Centro', 'Estados Unidos', 'Estados Unidos', 'patricia.herrera@email.com', '+1 491-472-7004', '+1 589-282-2197', '+1 825-975-7051', 1018),
(60, 'Persona Natural', NULL, 'Calle 166, Urb. Centro', 'Alemania', 'Alemania', 'gabriela.vargas@email.com', '+49 15-2611034', '+49 31-1220487', '+49 87-1089685', 1019),
(61, 'Persona Jurídica', NULL, 'Calle 19, Residencias', 'España', 'España', 'agroindustrias.del.sur.18@email.com', '+34 6-7044289', '+34 5-8198642', '+34 79-6723088', 1014),
(62, 'Persona Jurídica', NULL, 'Calle 199, Av. Principal', 'Hong Kong', 'Hong Kong', 'pacific.enterprises.36@email.com', '+852 828-4120782', '+852 155-5146735', '+852 586-6625925', 1019),
(63, 'Persona Natural', NULL, 'Calle 137, Zona Comercial', 'Estados Unidos', 'Estados Unidos', 'maría.medina@email.com', '+1 327-688-3701', '+1 841-796-5715', '+1 376-779-3191', 1015),
(64, 'Persona Natural', NULL, 'Calle 46, Av. Principal', 'México', 'México', 'valeria.fernández@email.com', '+52 476-9224899', '+52 401-1393392', '+52 797-9587899', 1005),
(65, 'Persona Natural', NULL, 'Calle 139, Zona Comercial', 'México', 'México', 'francisco.pérez@email.com', '+52 992-5315760', '+52 542-1525050', '+52 250-1878095', 1019),
(66, 'Persona Jurídica', NULL, 'Calle 112, Av. Principal', 'Japón', 'Japón', 'pacific.enterprises.75@email.com', '+81 857-1429046', '+81 414-7844761', '+81 727-4553881', 1001),
(67, 'Persona Jurídica', NULL, 'Calle 49, Urb. Centro', 'México', 'México', 'américa.holdings.15@email.com', '+52 530-9458240', '+52 484-3454950', '+52 606-8165682', 1002),
(68, 'Persona Jurídica', NULL, 'Calle 92, Zona Comercial', 'Alemania', 'Alemania', 'consorcio.techvision.1@email.com', '+49 68-2895467', '+49 73-7234951', '+49 44-6138961', 1001),
(69, 'Persona Natural', NULL, 'Calle 158, Zona Comercial', 'Italia', 'Italia', 'sofía.morales@email.com', '+39 686-8044222', '+39 998-7935525', '+39 219-1139634', 1019),
(70, 'Persona Natural', NULL, 'Calle 188, Urb. Centro', 'México', 'México', 'ricardo.castillo@email.com', '+52 729-9580519', '+52 941-3392065', '+52 479-2492927', 1011),
(71, 'Persona Jurídica', NULL, 'Calle 192, Zona Comercial', 'Italia', 'Italia', 'inversiones.la.esperanza.33@email.com', '+39 907-6906792', '+39 814-9556240', '+39 165-9489658', 1004),
(72, 'Persona Natural', NULL, 'Calle 112, Residencias', 'Canadá', 'Canadá', 'patricia.pérez@email.com', '+1 975-461-3398', '+1 690-998-2964', '+1 260-886-1422', 1015),
(73, 'Persona Jurídica', NULL, 'Calle 151, Residencias', 'Reino Unido', 'Reino Unido', 'pacific.enterprises.9@email.com', '+44 95-9163947', '+44 60-5361403', '+44 88-4751824', 1006),
(74, 'Persona Jurídica', NULL, 'Calle 17, Zona Comercial', 'Japón', 'Japón', 'américa.holdings.37@email.com', '+81 721-5905788', '+81 481-4004226', '+81 800-2066566', 1008),
(75, 'Persona Jurídica', NULL, 'Calle 71, Av. Principal', 'Hong Kong', 'Hong Kong', 'américa.holdings.13@email.com', '+852 969-7069470', '+852 550-5502895', '+852 626-6124885', 1018),
(76, 'Persona Natural', NULL, 'Calle 111, Urb. Centro', 'Australia', 'Australia', 'david.gutiérrez@email.com', '+61 919-7687472', '+61 563-1228984', '+61 919-6669952', 1007),
(77, 'Persona Jurídica', NULL, 'Calle 69, Residencias', 'Australia', 'Australia', 'negocios.innovadores.31@email.com', '+61 581-8185095', '+61 98-1810267', '+61 909-2087063', 1020),
(78, 'Persona Jurídica', NULL, 'Calle 143, Urb. Centro', 'Japón', 'Japón', 'negocios.innovadores.46@email.com', '+81 524-1608410', '+81 14-5916087', '+81 126-7607557', 1022),
(79, 'Persona Natural', NULL, 'Calle 95, Residencias', 'España', 'España', 'luis.vargas@email.com', '+34 99-8670546', '+34 52-3451844', '+34 12-7977203', 1002),
(80, 'Persona Natural', NULL, 'Calle 109, Zona Comercial', 'Alemania', 'Alemania', 'ricardo.rodríguez@email.com', '+49 81-8658320', '+49 7-7244669', '+49 96-8284843', 1002),
(81, 'Persona Jurídica', NULL, 'Calle 188, Urb. Centro', 'Hong Kong', 'Hong Kong', 'consorcio.techvision.95@email.com', '+852 957-4245831', '+852 618-7289389', '+852 61-9057585', 1021),
(82, 'Persona Natural', NULL, 'Calle 194, Urb. Centro', 'Argentina', 'Argentina', 'patricia.torres@email.com', '+54 300-6226158', '+54 843-5106262', '+54 486-5766077', 1015),
(83, 'Persona Jurídica', NULL, 'Calle 25, Av. Principal', 'Italia', 'Italia', 'consorcio.techvision.40@email.com', '+39 878-6808406', '+39 372-8073938', '+39 877-7521639', 1005),
(84, 'Persona Natural', NULL, 'Calle 196, Urb. Centro', 'Japón', 'Japón', 'pedro.pérez@email.com', '+81 944-7950084', '+81 407-3874828', '+81 888-5529835', 1003),
(85, 'Persona Natural', NULL, 'Calle 140, Av. Principal', 'Alemania', 'Alemania', 'patricia.vargas@email.com', '+49 98-7864182', '+49 47-9438019', '+49 66-1841105', 1014),
(86, 'Persona Natural', NULL, 'Calle 42, Urb. Centro', 'Italia', 'Italia', 'ana.fernández@email.com', '+39 777-5644484', '+39 680-6750606', '+39 155-1523898', 1014),
(87, 'Persona Natural', NULL, 'Calle 63, Av. Principal', 'Italia', 'Italia', 'francisco.méndez@email.com', '+39 560-1931909', '+39 459-2390860', '+39 391-4789315', 1006),
(88, 'Persona Jurídica', NULL, 'Calle 75, Residencias', 'Emiratos Árabes', 'Emiratos Árabes', 'consorcio.techvision.62@email.com', '+971 632-5339682', '+971 943-4172876', '+971 163-2331033', 1007),
(89, 'Persona Jurídica', NULL, 'Calle 99, Urb. Centro', 'México', 'México', 'américa.holdings.15@email.com', '+52 406-1769708', '+52 447-1785941', '+52 591-8687390', 1020),
(90, 'Persona Jurídica', NULL, 'Calle 57, Residencias', 'Hong Kong', 'Hong Kong', 'agroindustrias.del.sur.82@email.com', '+852 370-6552584', '+852 324-5895130', '+852 392-3157374', 1006),
(91, 'Persona Jurídica', NULL, 'Calle 36, Residencias', 'Francia', 'Francia', 'consorcio.techvision.54@email.com', '+33 71-8675261', '+33 34-5038327', '+33 81-9565630', 1006),
(92, 'Persona Jurídica', NULL, 'Calle 148, Zona Comercial', 'Alemania', 'Alemania', 'negocios.innovadores.27@email.com', '+49 82-3108665', '+49 22-9272190', '+49 4-5259759', 1010),
(93, 'Persona Natural', NULL, 'Calle 106, Zona Comercial', 'Alemania', 'Alemania', 'valeria.suárez@email.com', '+49 61-8814944', '+49 34-3117157', '+49 95-2761126', 1020),
(94, 'Persona Jurídica', NULL, 'Calle 39, Residencias', 'Alemania', 'Alemania', 'pacific.enterprises.12@email.com', '+49 55-1310425', '+49 64-9370802', '+49 54-9677112', 1011),
(95, 'Persona Jurídica', NULL, 'Calle 1, Zona Comercial', 'Reino Unido', 'Reino Unido', 'europa.corp.20@email.com', '+44 70-7093384', '+44 44-1172712', '+44 41-1300566', 1021),
(96, 'Persona Jurídica', NULL, 'Calle 185, Urb. Centro', 'Brasil', 'Brasil', 'asia.trading.co.64@email.com', '+55 259-6116066', '+55 507-2094807', '+55 823-9957152', 1019),
(97, 'Persona Jurídica', NULL, 'Calle 1, Urb. Centro', 'España', 'España', 'empresas.globaltech.78@email.com', '+34 84-4692319', '+34 58-3366845', '+34 27-3409351', 1013),
(98, 'Persona Natural', NULL, 'Calle 16, Urb. Centro', 'Argentina', 'Argentina', 'gabriela.torres@email.com', '+54 994-6122519', '+54 183-5977753', '+54 893-6761947', 1002),
(99, 'Persona Jurídica', NULL, 'Calle 64, Av. Principal', 'Australia', 'Australia', 'europa.corp.17@email.com', '+61 599-6862184', '+61 136-3765238', '+61 253-9959757', 1022),
(100, 'Persona Natural', NULL, 'Calle 186, Zona Comercial', 'Hong Kong', 'Hong Kong', 'luis.fernández@email.com', '+852 805-1677000', '+852 747-9549818', '+852 908-1594459', 1003),
(101, 'Persona Jurídica', NULL, 'Calle 155, Av. Principal', 'Estados Unidos', 'Estados Unidos', 'empresas.globaltech.78@email.com', '+1 438-767-8780', '+1 814-904-9322', '+1 426-994-2091', 1013),
(102, 'Persona Jurídica', NULL, 'Calle 12, Av. Principal', 'Japón', 'Japón', 'consorcio.techvision.51@email.com', '+81 812-3386706', '+81 270-5490202', '+81 597-8586302', 1018),
(103, 'Persona Jurídica', NULL, 'Calle 35, Zona Comercial', 'Francia', 'Francia', 'pacific.enterprises.54@email.com', '+33 61-4896206', '+33 34-9937735', '+33 68-2912879', 1011),
(104, 'Persona Natural', NULL, 'Calle 163, Av. Principal', 'Estados Unidos', 'Estados Unidos', 'gabriela.morales@email.com', '+1 927-297-3563', '+1 992-941-7265', '+1 732-144-3337', 1004),
(105, 'Persona Jurídica', NULL, 'Calle 50, Urb. Centro', 'Italia', 'Italia', 'agroindustrias.del.sur.63@email.com', '+39 63-3376990', '+39 40-8049551', '+39 829-6693151', 1006),
(106, 'Persona Jurídica', NULL, 'Calle 87, Av. Principal', 'Italia', 'Italia', 'inversiones.la.esperanza.36@email.com', '+39 848-2647506', '+39 511-1068900', '+39 375-3428339', 1017),
(107, 'Persona Jurídica', NULL, 'Calle 5, Residencias', 'Estados Unidos', 'Estados Unidos', 'negocios.innovadores.32@email.com', '+1 637-351-9428', '+1 208-717-7553', '+1 559-923-5434', 1008),
(108, 'Persona Natural', NULL, 'Calle 75, Residencias', 'Alemania', 'Alemania', 'josé.méndez@email.com', '+49 79-9582247', '+49 98-9522974', '+49 76-8567946', 1012),
(109, 'Persona Natural', 'V-27943365', 'Calle 125, Urb. Centro', 'Venezuela', 'Venezuela', 'patricia.medina@email.com', '+58 296-6021625', '+58 534-6080402', '+58 739-5806460', NULL),
(110, 'Persona Jurídica', NULL, 'Calle 84, Av. Principal', 'España', 'España', 'empresas.globaltech.94@email.com', '+34 56-6564561', '+34 39-1706313', '+34 4-8272118', 1022),
(111, 'Persona Natural', NULL, 'Calle 143, Zona Comercial', 'México', 'México', 'juan.lópez@email.com', '+52 896-1959787', '+52 446-1620553', '+52 732-7128144', 1004),
(112, 'Persona Jurídica', NULL, 'Calle 119, Residencias', 'Estados Unidos', 'Estados Unidos', 'europa.corp.12@email.com', '+1 652-434-2373', '+1 309-999-5573', '+1 464-726-9587', 1019),
(113, 'Persona Jurídica', NULL, 'Calle 60, Urb. Centro', 'Reino Unido', 'Reino Unido', 'américa.holdings.41@email.com', '+44 97-4184021', '+44 54-1318765', '+44 48-4512113', 1011),
(114, 'Persona Jurídica', NULL, 'Calle 187, Urb. Centro', 'Italia', 'Italia', 'consorcio.techvision.56@email.com', '+39 699-6475521', '+39 443-3051699', '+39 183-2233786', 1007),
(115, 'Persona Jurídica', NULL, 'Calle 46, Residencias', 'Francia', 'Francia', 'inversiones.la.esperanza.19@email.com', '+33 20-8143388', '+33 80-7543063', '+33 9-6987562', 1008),
(116, 'Persona Jurídica', NULL, 'Calle 194, Residencias', 'Reino Unido', 'Reino Unido', 'europa.corp.68@email.com', '+44 42-9754169', '+44 28-7652204', '+44 51-7681035', 1003),
(117, 'Persona Natural', 'V-67191233', 'Calle 108, Av. Principal', 'Venezuela', 'Venezuela', 'sofía.rodríguez@email.com', '+58 432-7773468', '+58 397-3790888', '+58 284-2685474', NULL),
(118, 'Persona Jurídica', NULL, 'Calle 68, Residencias', 'Alemania', 'Alemania', 'pacific.enterprises.70@email.com', '+49 52-4550586', '+49 86-7524303', '+49 65-9662010', 1012),
(119, 'Persona Natural', NULL, 'Calle 189, Av. Principal', 'Japón', 'Japón', 'sofía.morales@email.com', '+81 985-3964902', '+81 277-3395795', '+81 632-9967199', 1003),
(120, 'Persona Natural', NULL, 'Calle 115, Urb. Centro', 'España', 'España', 'patricia.garcía@email.com', '+34 70-2167013', '+34 26-2545415', '+34 18-2982533', 1008),
(121, 'Persona Natural', NULL, 'Calle 99, Residencias', 'Australia', 'Australia', 'josé.castillo@email.com', '+61 290-8156042', '+61 546-7834629', '+61 622-3357335', 1018),
(122, 'Persona Natural', NULL, 'Calle 36, Urb. Centro', 'Hong Kong', 'Hong Kong', 'ricardo.fernández@email.com', '+852 843-6863390', '+852 174-7568266', '+852 98-1705309', 1021),
(123, 'Persona Jurídica', NULL, 'Calle 56, Residencias', 'Brasil', 'Brasil', 'consorcio.techvision.4@email.com', '+55 720-7356124', '+55 776-7367787', '+55 560-5762975', 1009),
(124, 'Persona Natural', NULL, 'Calle 12, Av. Principal', 'Hong Kong', 'Hong Kong', 'francisco.rodríguez@email.com', '+852 516-3563512', '+852 103-3189262', '+852 401-6956865', 1011),
(125, 'Persona Jurídica', NULL, 'Calle 148, Zona Comercial', 'Japón', 'Japón', 'consorcio.techvision.21@email.com', '+81 915-3821878', '+81 812-2255244', '+81 468-7394921', 1022),
(126, 'Persona Natural', NULL, 'Calle 76, Residencias', 'Reino Unido', 'Reino Unido', 'carlos.vargas@email.com', '+44 82-3125593', '+44 25-5026729', '+44 81-6891518', 1011),
(127, 'Persona Natural', NULL, 'Calle 182, Residencias', 'México', 'México', 'pedro.fernández@email.com', '+52 616-4791795', '+52 650-2212809', '+52 553-4061782', 1012),
(128, 'Persona Jurídica', NULL, 'Calle 22, Residencias', 'México', 'México', 'asia.trading.co.36@email.com', '+52 226-1252027', '+52 674-4845588', '+52 327-5245965', 1004),
(129, 'Persona Jurídica', NULL, 'Calle 193, Urb. Centro', 'Japón', 'Japón', 'europa.corp.68@email.com', '+81 553-3261354', '+81 557-4203820', '+81 358-5023209', 1015),
(130, 'Persona Jurídica', NULL, 'Calle 175, Residencias', 'España', 'España', 'negocios.innovadores.95@email.com', '+34 44-5802652', '+34 94-5236543', '+34 97-5365707', 1008),
(131, 'Persona Jurídica', NULL, 'Calle 35, Zona Comercial', 'Australia', 'Australia', 'consorcio.techvision.83@email.com', '+61 966-1904036', '+61 36-9070317', '+61 294-9416718', 1017),
(132, 'Persona Jurídica', NULL, 'Calle 85, Av. Principal', 'México', 'México', 'europa.corp.45@email.com', '+52 230-9641767', '+52 275-4465142', '+52 334-2670700', 1018),
(133, 'Persona Natural', NULL, 'Calle 189, Urb. Centro', 'Francia', 'Francia', 'gabriela.méndez@email.com', '+33 60-7781026', '+33 29-4157879', '+33 23-2492608', 1022),
(134, 'Persona Jurídica', NULL, 'Calle 194, Av. Principal', 'Francia', 'Francia', 'consorcio.techvision.95@email.com', '+33 59-8640722', '+33 2-4384485', '+33 98-5616806', 1021),
(135, 'Persona Jurídica', 'J-81026917-6', 'Calle 174, Urb. Centro', 'Venezuela', 'Venezuela', 'pacific.enterprises.80@email.com', '+58 218-4508645', '+58 341-1643562', '+58 297-7214508', NULL),
(136, 'Persona Natural', NULL, 'Calle 146, Residencias', 'Estados Unidos', 'Estados Unidos', 'ana.herrera@email.com', '+1 507-289-8681', '+1 395-545-2072', '+1 290-370-2405', 1016),
(137, 'Persona Natural', NULL, 'Calle 47, Residencias', 'Alemania', 'Alemania', 'francisco.vargas@email.com', '+49 78-6603572', '+49 97-6175084', '+49 44-5607842', 1003),
(138, 'Persona Natural', NULL, 'Calle 20, Urb. Centro', 'Emiratos Árabes', 'Emiratos Árabes', 'francisco.rodríguez@email.com', '+971 384-3160670', '+971 132-9841805', '+971 489-1542566', 1007),
(139, 'Persona Jurídica', NULL, 'Calle 137, Av. Principal', 'Australia', 'Australia', 'agroindustrias.del.sur.81@email.com', '+61 376-5472824', '+61 98-6099034', '+61 600-9456737', 1003),
(140, 'Persona Jurídica', NULL, 'Calle 78, Residencias', 'España', 'España', 'europa.corp.12@email.com', '+34 77-4320049', '+34 69-9832512', '+34 36-7260184', 1017),
(141, 'Persona Jurídica', NULL, 'Calle 6, Av. Principal', 'Canadá', 'Canadá', 'construcciones.el.sol.78@email.com', '+1 286-132-2302', '+1 476-223-3165', '+1 516-218-3980', 1008),
(142, 'Persona Natural', NULL, 'Calle 70, Residencias', 'Francia', 'Francia', 'ana.morales@email.com', '+33 29-5320081', '+33 88-6132919', '+33 74-8809431', 1007),
(143, 'Persona Natural', 'V-87248248', 'Calle 183, Av. Principal', 'Venezuela', 'Venezuela', 'gabriela.rodríguez@email.com', '+58 758-8916467', '+58 784-5451813', '+58 627-3134265', NULL),
(144, 'Persona Jurídica', NULL, 'Calle 86, Zona Comercial', 'Francia', 'Francia', 'europa.corp.26@email.com', '+33 89-7411022', '+33 22-1141242', '+33 19-1301579', 1008),
(145, 'Persona Jurídica', NULL, 'Calle 124, Av. Principal', 'Hong Kong', 'Hong Kong', 'pacific.enterprises.56@email.com', '+852 531-9043832', '+852 894-4014335', '+852 967-4229075', 1006),
(146, 'Persona Jurídica', NULL, 'Calle 127, Zona Comercial', 'Japón', 'Japón', 'inversiones.la.esperanza.38@email.com', '+81 405-8679378', '+81 76-3814704', '+81 722-7427980', 1004),
(147, 'Persona Natural', NULL, 'Calle 163, Urb. Centro', 'Francia', 'Francia', 'gabriela.morales@email.com', '+33 28-2866691', '+33 85-3028894', '+33 63-3842932', 1006),
(148, 'Persona Jurídica', NULL, 'Calle 10, Residencias', 'Alemania', 'Alemania', 'agroindustrias.del.sur.53@email.com', '+49 88-2320326', '+49 91-6082742', '+49 25-1642549', 1014),
(149, 'Persona Jurídica', NULL, 'Calle 150, Av. Principal', 'Estados Unidos', 'Estados Unidos', 'europa.corp.15@email.com', '+1 694-157-1049', '+1 649-631-9483', '+1 214-773-6531', 1018),
(150, 'Persona Jurídica', NULL, 'Calle 121, Urb. Centro', 'España', 'España', 'construcciones.el.sol.4@email.com', '+34 81-9203187', '+34 48-1895842', '+34 5-7379990', 1021),
(151, 'Persona Natural', NULL, 'Calle 190, Urb. Centro', 'Brasil', 'Brasil', 'ana.ramírez@email.com', '+55 708-8624849', '+55 601-3626350', '+55 192-6762841', 1013),
(152, 'Persona Jurídica', NULL, 'Calle 186, Av. Principal', 'Estados Unidos', 'Estados Unidos', 'inversiones.la.esperanza.84@email.com', '+1 964-937-5024', '+1 949-135-9543', '+1 636-580-7049', 1020),
(153, 'Persona Natural', NULL, 'Calle 59, Zona Comercial', 'México', 'México', 'valeria.ramírez@email.com', '+52 922-8559141', '+52 555-8018331', '+52 226-4186850', 1021),
(154, 'Persona Natural', NULL, 'Calle 7, Residencias', 'Estados Unidos', 'Estados Unidos', 'juan.pérez@email.com', '+1 579-619-4327', '+1 543-754-2413', '+1 992-951-9231', 1009),
(155, 'Persona Natural', 'V-78420552', 'Calle 38, Zona Comercial', 'Venezuela', 'Venezuela', 'valeria.méndez@email.com', '+58 774-1758193', '+58 513-9851437', '+58 204-7338944', NULL),
(156, 'Persona Natural', NULL, 'Calle 22, Av. Principal', 'Brasil', 'Brasil', 'gabriela.fernández@email.com', '+55 445-2524079', '+55 412-6477927', '+55 94-8000180', 1012),
(157, 'Persona Natural', NULL, 'Calle 165, Urb. Centro', 'Brasil', 'Brasil', 'luis.garcía@email.com', '+55 48-9634451', '+55 343-7956401', '+55 372-7004000', 1010),
(158, 'Persona Natural', NULL, 'Calle 52, Av. Principal', 'Alemania', 'Alemania', 'juan.méndez@email.com', '+49 74-3122175', '+49 87-5786223', '+49 55-9040417', 1021),
(159, 'Persona Natural', NULL, 'Calle 100, Urb. Centro', 'Argentina', 'Argentina', 'carlos.medina@email.com', '+54 90-1975761', '+54 269-3380985', '+54 387-3540687', 1016),
(160, 'Persona Jurídica', NULL, 'Calle 64, Urb. Centro', 'Canadá', 'Canadá', 'europa.corp.21@email.com', '+1 224-965-9524', '+1 803-354-1927', '+1 305-593-7544', 1021),
(161, 'Persona Jurídica', NULL, 'Calle 99, Residencias', 'Italia', 'Italia', 'inversiones.la.esperanza.51@email.com', '+39 645-5707030', '+39 379-5014486', '+39 205-1978657', 1016),
(162, 'Persona Jurídica', NULL, 'Calle 73, Residencias', 'Argentina', 'Argentina', 'agroindustrias.del.sur.74@email.com', '+54 497-8116662', '+54 784-3180646', '+54 807-2491691', 1006),
(163, 'Persona Natural', NULL, 'Calle 52, Av. Principal', 'México', 'México', 'pedro.herrera@email.com', '+52 713-9973551', '+52 510-7939683', '+52 235-1722859', 1014),
(164, 'Persona Natural', NULL, 'Calle 42, Av. Principal', 'Argentina', 'Argentina', 'ana.méndez@email.com', '+54 226-5104388', '+54 655-7806489', '+54 104-8513644', 1010),
(165, 'Persona Jurídica', NULL, 'Calle 132, Av. Principal', 'España', 'España', 'inversiones.la.esperanza.39@email.com', '+34 80-9109002', '+34 63-2815401', '+34 63-4403977', 1005),
(166, 'Persona Natural', NULL, 'Calle 192, Residencias', 'España', 'España', 'maría.garcía@email.com', '+34 30-2833360', '+34 97-2123301', '+34 75-8214028', 1022),
(167, 'Persona Natural', NULL, 'Calle 33, Zona Comercial', 'Australia', 'Australia', 'lucas.morales@email.com', '+61 411-6632234', '+61 382-9496695', '+61 227-6738524', 1014),
(168, 'Persona Natural', NULL, 'Calle 35, Urb. Centro', 'Australia', 'Australia', 'maría.méndez@email.com', '+61 948-3273361', '+61 319-9993021', '+61 676-8976722', 1004),
(169, 'Persona Natural', 'V-75048962', 'Calle 148, Residencias', 'Venezuela', 'Venezuela', 'luis.castillo@email.com', '+58 653-4535103', '+58 322-8788676', '+58 275-1974258', NULL),
(170, 'Persona Jurídica', NULL, 'Calle 199, Zona Comercial', 'Italia', 'Italia', 'construcciones.el.sol.97@email.com', '+39 438-7305708', '+39 579-3339759', '+39 739-7770055', 1021),
(171, 'Persona Jurídica', NULL, 'Calle 191, Residencias', 'Canadá', 'Canadá', 'empresas.globaltech.96@email.com', '+1 870-109-3125', '+1 345-989-2789', '+1 260-217-4191', 1012),
(172, 'Persona Jurídica', NULL, 'Calle 115, Urb. Centro', 'Australia', 'Australia', 'agroindustrias.del.sur.4@email.com', '+61 110-6838900', '+61 497-4193840', '+61 962-8945716', 1017),
(173, 'Persona Jurídica', NULL, 'Calle 71, Residencias', 'Francia', 'Francia', 'consorcio.techvision.4@email.com', '+33 58-4808436', '+33 67-3884586', '+33 4-1974578', 1010),
(174, 'Persona Natural', NULL, 'Calle 164, Zona Comercial', 'Emiratos Árabes', 'Emiratos Árabes', 'luis.castillo@email.com', '+971 594-5731787', '+971 747-3434981', '+971 974-2012924', 1021),
(175, 'Persona Natural', NULL, 'Calle 180, Residencias', 'Alemania', 'Alemania', 'pedro.vargas@email.com', '+49 76-2721979', '+49 88-7271819', '+49 53-7500850', 1016),
(176, 'Persona Natural', NULL, 'Calle 27, Zona Comercial', 'Hong Kong', 'Hong Kong', 'juan.gutiérrez@email.com', '+852 433-9233231', '+852 266-8659856', '+852 739-5225632', 1022),
(177, 'Persona Natural', NULL, 'Calle 139, Zona Comercial', 'Italia', 'Italia', 'juan.pérez@email.com', '+39 984-2861421', '+39 473-2656480', '+39 372-8350047', 1022),
(178, 'Persona Natural', NULL, 'Calle 146, Residencias', 'Alemania', 'Alemania', 'josé.herrera@email.com', '+49 83-4063986', '+49 58-1723163', '+49 12-6124821', 1022),
(179, 'Persona Jurídica', NULL, 'Calle 82, Zona Comercial', 'Japón', 'Japón', 'pacific.enterprises.51@email.com', '+81 579-3272758', '+81 495-2896508', '+81 80-3623892', 1010),
(180, 'Persona Natural', NULL, 'Calle 89, Av. Principal', 'Alemania', 'Alemania', 'francisco.ramírez@email.com', '+49 7-7668151', '+49 71-6751357', '+49 23-3093717', 1004),
(181, 'Persona Jurídica', NULL, 'Calle 150, Urb. Centro', 'Reino Unido', 'Reino Unido', 'agroindustrias.del.sur.53@email.com', '+44 65-2145993', '+44 66-3121895', '+44 25-9014935', 1020),
(182, 'Persona Natural', NULL, 'Calle 64, Zona Comercial', 'Australia', 'Australia', 'patricia.rodríguez@email.com', '+61 84-8925641', '+61 584-1833424', '+61 377-1679867', 1020),
(183, 'Persona Natural', NULL, 'Calle 62, Av. Principal', 'Argentina', 'Argentina', 'carlos.torres@email.com', '+54 685-5257673', '+54 716-5545783', '+54 973-8072084', 1006),
(184, 'Persona Jurídica', NULL, 'Calle 163, Zona Comercial', 'Brasil', 'Brasil', 'américa.holdings.88@email.com', '+55 474-5657637', '+55 593-9134958', '+55 328-8985664', 1012),
(185, 'Persona Jurídica', NULL, 'Calle 191, Zona Comercial', 'Emiratos Árabes', 'Emiratos Árabes', 'europa.corp.94@email.com', '+971 766-4527852', '+971 869-5647545', '+971 726-8253852', 1020),
(186, 'Persona Jurídica', NULL, 'Calle 19, Residencias', 'Alemania', 'Alemania', 'américa.holdings.38@email.com', '+49 13-9000255', '+49 15-1286383', '+49 8-8660024', 1009),
(187, 'Persona Natural', NULL, 'Calle 105, Av. Principal', 'Japón', 'Japón', 'juan.gutiérrez@email.com', '+81 265-2074156', '+81 141-3797579', '+81 901-7518733', 1009),
(188, 'Persona Natural', NULL, 'Calle 51, Av. Principal', 'Argentina', 'Argentina', 'francisco.herrera@email.com', '+54 932-6994237', '+54 2-8879833', '+54 946-3707790', 1003),
(189, 'Persona Natural', NULL, 'Calle 190, Zona Comercial', 'Reino Unido', 'Reino Unido', 'patricia.morales@email.com', '+44 24-7749345', '+44 15-7547351', '+44 76-3321672', 1019),
(190, 'Persona Jurídica', NULL, 'Calle 182, Residencias', 'Estados Unidos', 'Estados Unidos', 'construcciones.el.sol.47@email.com', '+1 436-290-5755', '+1 828-871-6070', '+1 970-680-5444', 1017),
(191, 'Persona Natural', NULL, 'Calle 102, Zona Comercial', 'Hong Kong', 'Hong Kong', 'maría.castillo@email.com', '+852 891-2046435', '+852 522-5457001', '+852 183-8977838', 1002),
(192, 'Persona Jurídica', NULL, 'Calle 153, Av. Principal', 'Italia', 'Italia', 'asia.trading.co.70@email.com', '+39 106-9676859', '+39 143-8762854', '+39 601-4665304', 1013),
(193, 'Persona Natural', NULL, 'Calle 149, Residencias', 'Hong Kong', 'Hong Kong', 'juan.morales@email.com', '+852 710-5058702', '+852 473-3701903', '+852 161-1130574', 1004),
(194, 'Persona Natural', NULL, 'Calle 46, Urb. Centro', 'Emiratos Árabes', 'Emiratos Árabes', 'lucas.ramírez@email.com', '+971 939-6533650', '+971 858-1605230', '+971 731-1472081', 1001),
(195, 'Persona Natural', NULL, 'Calle 64, Zona Comercial', 'Japón', 'Japón', 'gabriela.castillo@email.com', '+81 134-3219820', '+81 858-5968602', '+81 691-4055326', 1016),
(196, 'Persona Jurídica', NULL, 'Calle 160, Zona Comercial', 'Reino Unido', 'Reino Unido', 'consorcio.techvision.76@email.com', '+44 92-1566132', '+44 11-4673958', '+44 84-3156936', 1003),
(197, 'Persona Natural', NULL, 'Calle 132, Zona Comercial', 'Italia', 'Italia', 'maría.méndez@email.com', '+39 157-1907862', '+39 826-7086240', '+39 888-8081160', 1016),
(198, 'Persona Jurídica', NULL, 'Calle 174, Zona Comercial', 'Hong Kong', 'Hong Kong', 'agroindustrias.del.sur.87@email.com', '+852 969-8107319', '+852 709-1836383', '+852 254-2073262', 1008),
(199, 'Persona Natural', NULL, 'Calle 49, Residencias', 'Brasil', 'Brasil', 'pedro.castillo@email.com', '+55 460-5425721', '+55 797-5405042', '+55 339-9282931', 1001),
(200, 'Persona Jurídica', NULL, 'Calle 185, Av. Principal', 'Brasil', 'Brasil', 'agroindustrias.del.sur.8@email.com', '+55 146-1826375', '+55 961-1311086', '+55 402-2494010', 1002);

-- Se insertan los datos de los solicitantes naturales 
INSERT INTO solicitante_natural (id_solicitante, nombre) VALUES
(2, 'Lucas Méndez'),
(3, 'Pedro Castillo'),
(4, 'Valeria Morales'),
(8, 'Ricardo Fernández'),
(10, 'Ricardo López'),
(11, 'Ana Suárez'),
(12, 'David Castillo'),
(18, 'María Pérez'),
(19, 'Pedro Pérez'),
(21, 'Ricardo Torres'),
(24, 'David García'),
(32, 'María Ramírez'),
(33, 'José Morales'),
(34, 'Pedro Pérez'),
(35, 'Sofía Pérez'),
(36, 'María Castillo'),
(39, 'David López'),
(40, 'María Suárez'),
(43, 'José Gutiérrez'),
(46, 'Luis Méndez'),
(47, 'Pedro Méndez'),
(49, 'Luis Pérez'),
(52, 'Ricardo Vargas'),
(55, 'María Vargas'),
(56, 'Francisco García'),
(57, 'Francisco López'),
(58, 'Gabriela Pérez'),
(59, 'Patricia Herrera'),
(60, 'Gabriela Vargas'),
(63, 'María Medina'),
(64, 'Valeria Fernández'),
(65, 'Francisco Pérez'),
(69, 'Sofía Morales'),
(70, 'Ricardo Castillo'),
(72, 'Patricia Pérez'),
(76, 'David Gutiérrez'),
(79, 'Luis Vargas'),
(80, 'Ricardo Rodríguez'),
(82, 'Patricia Torres'),
(84, 'Pedro Pérez'),
(85, 'Patricia Vargas'),
(86, 'Ana Fernández'),
(87, 'Francisco Méndez'),
(93, 'Valeria Suárez'),
(98, 'Gabriela Torres'),
(100, 'Luis Fernández'),
(104, 'Gabriela Morales'),
(108, 'José Méndez'),
(109, 'Patricia Medina'),
(111, 'Juan López'),
(117, 'Sofía Rodríguez'),
(119, 'Sofía Morales'),
(120, 'Patricia García'),
(121, 'José Castillo'),
(122, 'Ricardo Fernández'),
(124, 'Francisco Rodríguez'),
(126, 'Carlos Vargas'),
(127, 'Pedro Fernández'),
(133, 'Gabriela Méndez'),
(136, 'Ana Herrera'),
(137, 'Francisco Vargas'),
(138, 'Francisco Rodríguez'),
(142, 'Ana Morales'),
(143, 'Gabriela Rodríguez'),
(147, 'Gabriela Morales'),
(151, 'Ana Ramírez'),
(153, 'Valeria Ramírez'),
(154, 'Juan Pérez'),
(155, 'Valeria Méndez'),
(156, 'Gabriela Fernández'),
(157, 'Luis García'),
(158, 'Juan Méndez'),
(159, 'Carlos Medina'),
(163, 'Pedro Herrera'),
(164, 'Ana Méndez'),
(166, 'María García'),
(167, 'Lucas Morales'),
(168, 'María Méndez'),
(169, 'Luis Castillo'),
(174, 'Luis Castillo'),
(175, 'Pedro Vargas'),
(176, 'Juan Gutiérrez'),
(177, 'Juan Pérez'),
(178, 'José Herrera'),
(180, 'Francisco Ramírez'),
(182, 'Patricia Rodríguez'),
(183, 'Carlos Torres'),
(187, 'Juan Gutiérrez'),
(188, 'Francisco Herrera'),
(189, 'Patricia Morales'),
(191, 'María Castillo'),
(193, 'Juan Morales'),
(194, 'Lucas Ramírez'),
(195, 'Gabriela Castillo'),
(197, 'María Méndez'),
(199, 'Pedro Castillo');

-- Se insertan los datos de los solicitantes juridicos
INSERT INTO solicitante_juridico (id_solicitante, razon_social) VALUES
(1, 'Europa Corp. 34'),
(5, 'Construcciones El Sol 73'),
(6, 'Empresas GlobalTech 22'),
(7, 'Construcciones El Sol 13'),
(9, 'Inversiones La Esperanza 36'),
(13, 'Pacific Enterprises 2'),
(14, 'Consorcio TechVision 62'),
(15, 'Pacific Enterprises 65'),
(16, 'Pacific Enterprises 80'),
(17, 'Asia Trading Co. 96'),
(20, 'Negocios Innovadores 11'),
(22, 'Empresas GlobalTech 99'),
(23, 'Europa Corp. 8'),
(25, 'Pacific Enterprises 96'),
(26, 'Negocios Innovadores 43'),
(27, 'América Holdings 20'),
(28, 'Consorcio TechVision 33'),
(29, 'Negocios Innovadores 67'),
(30, 'Empresas GlobalTech 95'),
(31, 'Negocios Innovadores 69'),
(37, 'Negocios Innovadores 64'),
(38, 'Consorcio TechVision 44'),
(41, 'Inversiones La Esperanza 7'),
(42, 'Consorcio TechVision 34'),
(44, 'Pacific Enterprises 57'),
(45, 'Asia Trading Co. 96'),
(48, 'Asia Trading Co. 31'),
(50, 'Empresas GlobalTech 46'),
(51, 'Asia Trading Co. 94'),
(53, 'Empresas GlobalTech 25'),
(54, 'Asia Trading Co. 20'),
(61, 'Agroindustrias del Sur 18'),
(62, 'Pacific Enterprises 36'),
(66, 'Pacific Enterprises 75'),
(67, 'América Holdings 15'),
(68, 'Consorcio TechVision 1'),
(71, 'Inversiones La Esperanza 33'),
(73, 'Pacific Enterprises 9'),
(74, 'América Holdings 37'),
(75, 'América Holdings 13'),
(77, 'Negocios Innovadores 31'),
(78, 'Negocios Innovadores 46'),
(81, 'Consorcio TechVision 95'),
(83, 'Consorcio TechVision 40'),
(88, 'Consorcio TechVision 62'),
(89, 'América Holdings 15'),
(90, 'Agroindustrias del Sur 82'),
(91, 'Consorcio TechVision 54'),
(92, 'Negocios Innovadores 27'),
(94, 'Pacific Enterprises 12'),
(95, 'Europa Corp. 20'),
(96, 'Asia Trading Co. 64'),
(97, 'Empresas GlobalTech 78'),
(99, 'Europa Corp. 17'),
(101, 'Empresas GlobalTech 78'),
(102, 'Consorcio TechVision 51'),
(103, 'Pacific Enterprises 54'),
(105, 'Agroindustrias del Sur 63'),
(106, 'Inversiones La Esperanza 36'),
(107, 'Negocios Innovadores 32'),
(110, 'Empresas GlobalTech 94'),
(112, 'Europa Corp. 12'),
(113, 'América Holdings 41'),
(114, 'Consorcio TechVision 56'),
(115, 'Inversiones La Esperanza 19'),
(116, 'Europa Corp. 68'),
(118, 'Pacific Enterprises 70'),
(123, 'Consorcio TechVision 4'),
(125, 'Consorcio TechVision 21'),
(128, 'Asia Trading Co. 36'),
(129, 'Europa Corp. 68'),
(130, 'Negocios Innovadores 95'),
(131, 'Consorcio TechVision 83'),
(132, 'Europa Corp. 45'),
(134, 'Consorcio TechVision 95'),
(135, 'Pacific Enterprises 80'),
(139, 'Agroindustrias del Sur 81'),
(140, 'Europa Corp. 12'),
(141, 'Construcciones El Sol 78'),
(144, 'Europa Corp. 26'),
(145, 'Pacific Enterprises 56'),
(146, 'Inversiones La Esperanza 38'),
(148, 'Agroindustrias del Sur 53'),
(149, 'Europa Corp. 15'),
(150, 'Construcciones El Sol 4'),
(152, 'Inversiones La Esperanza 84'),
(160, 'Europa Corp. 21'),
(161, 'Inversiones La Esperanza 51'),
(162, 'Agroindustrias del Sur 74'),
(165, 'Inversiones La Esperanza 39'),
(170, 'Construcciones El Sol 97'),
(171, 'Empresas GlobalTech 96'),
(172, 'Agroindustrias del Sur 4'),
(173, 'Consorcio TechVision 4'),
(179, 'Pacific Enterprises 51'),
(181, 'Agroindustrias del Sur 53'),
(184, 'América Holdings 88'),
(185, 'Europa Corp. 94'),
(186, 'América Holdings 38'),
(190, 'Construcciones El Sol 47'),
(192, 'Asia Trading Co. 70'),
(196, 'Consorcio TechVision 76'),
(198, 'Agroindustrias del Sur 87'),
(200, 'Agroindustrias del Sur 8');

INSERT INTO marca (tipo, clase_internacional, distingue, id_marca) VALUES
('MP', '3int', 'Cosmeticos, cremas cosmeticas, preparaciones cosmeticas para el cuidado de la piel, hisopos de algodon para uso cosmetico, kits de cosmeticos, mascarillas de belleza, parches de gel para los ojos con una finalidad cosmetica, aceites para uso cosmetico, lociones para uso cosmetico, leche limpiadora para el tocador, preparaciones de tocador, lociones para despues del afeitado, preparaciones para el afeitado, preparaciones bronceadoras cosmeticos, preparaciones de proteccion solar, desodorantes para seres humanos o para animales, dentifricos, jabon, sales de ba  o que no sean para uso medico, preparaciones para el ba  o que no sean para uso medico, preparaciones cosmeticas para ba  os, champus, acondicionadores para el cabello, lociones para el cabello, spray para el cabello, transfer decorativos para uso cosmetico, tatuajes temporales para el cuerpo y las u  as con una finalidad cosmetica, esmalte de u  as, recubrimiento de esmalte para el base coat (primer de u  as), recubrimiento de esmalte para el top coat (recubrimiento final), preparaciones para el cuidado de las u  as, quitaesmaltes de u  as, pegatinas para u  as, u  as falsas, preparaciones de maquillaje, lapices cosmeticos, base de maquillaje, aerosoles fijadores de maquillaje, polvo de maquillaje, productos de maquillaje dedicados al embellecimiento del cutis, bases de maquillaje, correctores cosmeticos, rubor, balsamos que no sean para uso medico, productos para el cuidado de los labios, balsamos labiales, delineadores de labios, brillos de labios, lapices de labios, estuches para lapices de labios, sombra para parpados, delineador de ojos, lapices de ojos, lapices de parpados, lapices de mejillas, preparaciones cosmeticas para pesta  as, mascara, pesta  as postizas, cosmeticos para cejas, kits de cejas, lapices de cejas, mascaras de cejas, compactos de polvo, rellenos, cartuchos y recambios para productos cosmeticos y productos de maquillaje, preparaciones desmaquillantes, agua micelar, pa  uelos impregnados con preparaciones desmaquillantes, algodon impregnado con preparaciones desmaquillantes, desmaquilladores de ojos, limpiadores para brochas cosmeticas, perfumeria, perfumes, agua de colonia, agua de tocador, difusores de lengueta de fragancia de aire, preparaciones aromatizantes del aire, incienso, bolsitas (saches) para perfumar la ropa, lustra zapatos, conservantes del cuero abrillantadores, cremas para cuero. (Productos nacionales yo extranjeros).', 1),
('MP', '31int', 'PRODUCTOS AGRiCOLAS, ACUICOLAS, HORTiCOLAS Y FORESTALES EN BRUTO Y SIN PROCESAR, GRANOS Y SEMILLAS EN BRUTO O SIN PROCESAR, FRUTAS Y VERDURAS, HORTiCOLAS Y LEGUMBRES FRESCAS, HIERBAS AROMaTICAS FRESCAS, PLANTAS Y FLORES NATURALES.', 2),
('MP', '2int', 'TINTA DE IMPRESIoN, MASILLA RESINA NATURAL, MORDIENTES, TINTES, PINTURAS DE RESINA SINTeTICA, PINTURAS, REVESTIMIENTOS PINTURAS, COLORANTES, PREPARACIONES PROTECTORAS PARA METALES, PINTURAS IMPERMEABLES, PREPARACIONES ANTICORROSIVAS, PIGMENTOS, COLORANTES ALIMENTARIOS, TINTES ALIMENTARIOS.', 3),
('MS', '35int', 'SERVICIOS DE VENTA AL POR MAYOR Y AL POR MENOR EN COMERCIOS Y A TRAVeS DE REDES MUNDIALES DE INFORMaTICA DE PRENDAS DE VESTIR, CALZADO, ARTiCULOS DE SOMBRERERiA, BISUTERiA, JOYERiA, ARTiCULOS DE MARROQUINERiA, BOLSOS, BOLSAS, NECESERES, TOALLAS, ARTiCULOS DE PERFUMERiA Y COSMeTICA, ARTiCULOS PARA LA PLAYA, GAFAS, FUNDAS, CARCASAS, ARTiCULOS PARA EL HOGAR, BOTELLAS, ROPA DE DEPORTE, RELOJES, JOYEROS, MaSCARAS, PARAGUAS Y COMPLEMENTOS PARA EL CABELLO, SERVICIOS DE PROMOCIoN PRESTADOS POR UNA EMPRESA COMERCIAL A TRAVeS DE UNA TARJETA DE FIDELIZACIoN DE CLIENTES, SERVICIOS DE AYUDA A LA EXPLOTACIoN DE UNA EMPRESA COMERCIAL EN ReGIMEN DE FRANQUICIA, DEMOSTRACIoN DE PRODUCTOS, PROMOCIoN DE VENTAS (PARA TERCEROS), SERVICIOS DE ABASTECIMIENTO PARA TERCEROS (COMPRA DE PRODUCTOS Y SERVICIOS PARA OTRAS EMPRESAS).', 4),
('MP', '25int', 'ARTICULOS DE VESTIR, CALZADOS, SOMBRERERiA.', 5),
('MS', '35int', 'PUBLICIDAD, GESTIoN, ORGANIZACIoN Y ADMINISTRACIoN DE NEGOCIOS COMERCIALES, INCLUYENDO SERVICIOS DE PROVISIoN (SUMINISTRO) DE INFORMACIoN SOBRE PRODUCTOS DE CONSUMO RELACIONADOS CON EL CUIDADO DE LA PIEL Y EL CABELLO, CUIDADO DEL SOL (PROTECTORES SOLARES), BIENESTAR, CUIDADO DE LA SALUD Y VIDA SALUDABLE, APTITUD FiSICA, NUTRICIoN, BIENESTAR Y ESTILO DE VIDA SALUDABLE, SERVICIOS DE VENTAS MINORISTA (AL DETAL) EN LiNEA (ONLINE) DE PRODUCTOS PARA EL CUIDADO DE LA PIEL Y EL CABELLO, CUIDADO DEL SOL (PROTECTORES SOLARES), PRODUCTOS DENTALES, PREPARACIONES FARMACeUTICAS PARA EL TRATAMIENTO DE LA TOS, RESFRIADOS, ALERGIAS Y PRODUCTOS NUTRICIONALES.', 6),
('MS', '36int', 'Servicios de operaciones financieras, operaciones monetarias, servicios de intercambio de criptomonedas, servicios de comercio (trading) de criptomonedas, servicios de intercambio financiero, servicios de intercambio de bienes futuros (bolsas a futuro), prestacion de servicios de intercambio (trading) financiero para el comercio de monedas virtuales, servicios de comercializacion (trading) de divisas en linea en tiempo real, servicios de provision (suministro) de una plataforma de comercio (trading) electronico, servicios que proporcionan una plataforma de comercio (trading) electronico para la compra y venta de monedas digitales a cambio de monedas fiduciarias u otras monedas digitales, servicios de suministro de informacion financiera, servicios de suministro de informacion financiera sobre tipos de cambio, servicios de gestion financiera, servicios de gestion financiera de activos digitales y carteras (portafolios) de activos digitales, servicios financieros, servicios de transacciones financieras, servicios de comercio (trading) financiero, servicios de camaras de compensacion financiera, servicios de procesamiento de pagos, servicios de procesamiento de pagos electronicos o pagos en linea, servicios de pagos electronicos, servicios de procesamiento de pagos con tarjetas de cargo, servicios de procesamiento de pagos con tarjetas de credito, servicios de procesamiento de pagos con tarjetas de debito, servicios de procesamiento de pagos con tarjeta de prepago, servicios de corretaje, servicios de investigacion financiera, servicios de custodia financiera', 7),
('MP', '16int', 'PAPEL, CARTON Y ARTICULOS DE ESTAS MATERIAS, NO COMPRENDIDOS EN OTRAS CLASES, PRODUCTOS DE IMPRENTA, ARTICULOS DE ENCUADERNACION, FOTOGRAFIA, PAPELERIA, ADHESIVOS PARA LA PAPELERIA.', 8),
('MP', '30int', 'PRODUCTOS PARA SAZONAR, ESPECIAS, SALSAS, MAYONESAS, SALSA DE TOMATE, SALSA DE QUESO, SALSAS CONDIMENTOS.', 9),
('MP', '11int', 'APARATOS ELECTRICO Y OTROS.', 10),
('MP', '18int', 'ARTICULOS DE CUEROS, BOLSOS Y OTROS', 11),
('NC', '46int', 'EMPRESA DEDICADA A LA VENTA, FABRICACIoN, DISTRIBUCIoN, COMERCIALIZACIoN AL MAYOR Y DETAL DE TODO TIPO DE EQUIPOS MeDICOS, MEDICINAS PARA EL USO HUMANO Y ANIMAL EN TODAS SUS FORMAS Y PRESENTACIONES, PRODUCTOS SANITARIOS, PRODUCTOS FARMACeUTICOS Y MATERIAL MeDICO DESCARTABLE.', 12),
('NC', '46int', 'NOMBRE COMERCIAL', 13),
('MS', '45int', 'SERVICIOS DE REDES SOCIALES EN LiNEA.', 14),
('MP', '25int', 'PRENDAS DE VESTIR, CALZADO, ARTiCULOS DE SOMBRERERiA.', 15),
('MP', '30int', 'Cafe, te, cacao y sus sucedaneos, arroz, pastas alimenticias y fideos, tapioca y sagu, harinas y preparaciones a base de cereales, alimentos a base de avena, fecula para uso alimenticio, barras de cereales, barritas de cereales ricas en proteinas, barritas de regaliz, biscotes, chocolate, productos de confiteria a base de almendras, productos de confiteria a base de mani, copos de cereales secos, hojuelas de cereales, hojuelas de avena, panqueques, galletas, germen de trigo para la alimentacion humana, gofres, harinas, levadura, muesli, pastas para untar a base de chocolate, pastas para untar a base chocolate con frutos secos, pralines, refrigerios a base de arroz, refrigerios a base de cereales, semola, tortillas de harina, pan, productos de pasteleria y confiteria, chocolate, helados cremosos, sorbetes y otros helados, azucar, miel, jarabe de melaza, levadura, polvos de hornear, sal, productos para sazonar, especias, hierbas en conserva, vinagre, salsas y otros condimentos, hielo.', 16),
('MP', '11int', 'APARATOS E INSTALACIONES DE ALUMBRADO, CALEFACCIoN, ENFRIAMIENTO, PRODUCCIoN DE VAPOR, COCCIoN, SECADO, VENTILACIoN Y DISTRIBUCIoN DE AGUA, ASi COMO INSTALACIONES SANITARIAS. VAPORIZADORES ELeCTRICOS DE ALIMENTOS, CALENTADORES DE BA  O DE MARIA ELeCTRICOS, FREIDORAS ELeCTRICAS, HORNOS DE MICROONDAS, COCINAS DE AIRE CALIENTE, OLLAS ARROCERAS, UNIDADES DE CALENTAMIENTO DE ALIMENTOS ELECTRICAS, CALENTADORAS DE ALIMENTOS, FREIDORAS ELECTRICAS, DESHIDRATADORES DE ALIMENTOS, ASADORAS ELECTRICAS COCINAS AL AIRE LIBRE, TOSTADORAS, HORNOS TOSTADORES, MAQUINAS ELECTRICAS PARA HACER BEBIDAS CALIENTES, MAQUINAS ELECTRICAS PARA ESPUMAR LA LECHE, MAQUINAS DE CAFE EXPRESO, DE CAPUCHINO, FABRICANTES ELECTRICO DE BOTELLAS DE AGUA, YOGURTERAS ELECTRICAS, COCINAS PARA PASTAS, APARATOS PARA COCINAR CREPES, COCINA DE HUEVO, FABRICADORES DE PAN, SANDWICHERAS, MAQUINAS PARA HACER PIZZA, GAINETES PARA CALENTAR COMIDA, APARATOS PARA SECAR EL PELO, ELECTRODOMESTICOS TALES COMO COCINAS ELECTRICAS, HORNOS Y ENCIMERAS ELECTRICAS, BODEGAS CON TEMPERATURA CONTROLADA PARA VINOS, HORNOS ELECTRICOS AL VACIO CON TEMPERATURA CONTROLADA Y BA  O DE AGUA INCORPORADO, GABINETES Y MAQUINAS DE SECADO PARA ROPA, SECADOR DE ROPA Y REMOVEDOR DE OLORES Y ARRUGAS, CENTRIFUGADORA O SECADORA, VAPORIZADOR DE TELAS Y ROPA, CALENTADORES DE AGUA ELECTRICOS, BOMBILLAS, APARATOS DE ALUMBRADO, INSTALACIONES DE ALUMBRADO, BOMBILLAS DE EMISION DE LUZ DIODO APARATOS DE ILUMINACION Y EMISION DE LUZ DIODO INSTALACIONES DE LUZ DIODO, EMISORES DE LUZ DIODO, APARATOS DE ALUMBRADO Y SUS PARTES Y PIEZAS PARA TODOS LOS PRODUCTOS ANTES MENCIONADOS NO INCLUIDOS EN OTRAS CLASES.', 17),
('MP', '31int', 'PRODUCTOS AGRiCOLAS, ACUiCOLAS, HORTiCOLAS Y FORESTALES EN BRUTO Y SIN PROCESAR, GRANOS Y SEMILLAS EN BRUTO O SIN PROCESAR, FRUTAS Y VERDURAS, HORTALIZAS Y LEGUMBRES FRESCAS, HIERBAS AROMaTICAS FRESCAS, PLANTAS Y FLORES NATURALES, BULBOS, PLANTONES Y SEMILLAS PARA PLANTAR, ANIMALES VIVOS, PRODUCTOS ALIMENTICIOS Y BEBIDAS PARA ANIMALES, MALTA.', 18),
('MP', '5int', 'PRODUCTOS FARMACeUTICOS PARA TRATAR ENFERMEDADES DEL SISTEMA NERVIOSO CENTRAL', 19),
('MP', '32int', 'CERVEZAS, AGUAS MINERALES Y GASEOSAS Y OTRAS BEBIDAS NO ALCOHoLICAS, BEBIDAS Y ZUMOS DE FRUTAS, SIROPES OTRAS PREPARACIONES DE HACER BEBIDAS', 20),
('MP', '9int', 'PARA DISTINGUIR PARTES ELeCTRICAS, BOBINA DE ENCENDIDO, BUJiAS Y CABLES DE BUJiAS, TERMOSTATO, ROTOR, TAPAS DE DISTRIBUIDOR.', 21),
('MS', '35int', 'SUMINISTRO DE SERVICIOS DE INFORMACIoN Y ASESORAMIENTO RELACIONADOS CON EL COMERCIO ELECTRoNICO, SUMINISTRO DE INFORMACIoN AL CLIENTE SOBRE PRODUCTOS FARMACeUTICOS Y MeDICOS A TRAVeS DE UNA RED INFORMaTICA EN LiNEA, SERVICIOS DE VENTA MINORISTA O MAYORISTA DE PRODUCTOS FARMACeUTICOS, SERVICIOS DE VENTA MINORISTA O MAYORISTA DE PREPARACIONES MEDICINALES, SERVICIOS DE VENTA MINORISTA O MAYORISTA DE SUMINISTROS MeDICOS.', 22),
('MS', '42int', 'INVESTIGACIoN CIENTiFICA CON FINES MeDICOS, INVESTIGACIoN MeDICA Y CIENTiFICA EN EL CAMPO DEL TRATAMIENTO DE ENFERMEDADES INMUNOLoGICAS, TRATAMIENTO DEL CaNCER Y TRATAMIENTO DE ENFERMEDADES INFECCIOSAS, SUMINISTRO DE SERVICIOS DE INFORMACIoN, CONSULTORiA Y ASESORAMIENTO EN INVESTIGACIONES MeDICAS Y CIENTiFICAS, TODO EN LOS CAMPOS DEL TRATAMIENTO DE ENFERMEDADES INMUNOLoGICAS, TRATAMIENTO DEL CaNCER Y TRATAMIENTO DE ENFERMEDADES INFECCIOSAS, RECOPILACIoN DE DATOS PARA INVESTIGACIoN MeDICA Y CIENTiFICA, ENSAYOS CLiNICOS Y ADMISIoN DE MEDICAMENTOS.', 23),
('MP', '30int', 'CAFe, Te, CACAO Y SUS SUCEDaNEOS, ARROZ, PASTAS ALIMENTICIAS Y FIDEOS, TAPIOCA Y SAGu, HARINAS Y PREPARACIONES A BASE DE CEREALES, PAN, PRODUCTOS DE PASTELERiA Y CONFITERiA, CHOCOLATE, HELADOS CREMOSOS, SORBETES Y OTROS HELADOS, AZuCAR, MIEL, JARABE DE MELAZA, LEVADURA, POLVOS DE HORNEAR, SAL, PRODUCTOS PARA SAZONAR, ESPECIAS, HIERBAS EN CONSERVA, VINAGRE, SALSAS Y OTROS CONDIMENTOS, HIELO.', 24),
('MP', '2int', 'PINTURAS, BARNICES, LACAS, PRODUCTOS CONTRA LA HERRUMBRE Y EL DETERIORO DE LA MADERA, COLORANTES, TINTES, TINTAS DE IMPRENTA, TINTAS DE MARCADO Y TINTAS DE GRABADO, RESINAS NATURALES EN BRUTO, METALES EN HOJAS Y EN POLVO PARA LA PINTURA, LA DECORACIoN, LA IMPRENTA Y TRABAJOS ARTiSTICOS. ACEITES ANTIHERRUMBRE,ACEITES PARA CONSERVAR LA MADERA, BaLSAMO DEL CANADa, BARNICES DE ASFALTO, BARNICES DE BETuN, BARNICES, BLANCO DE CAL, DILUYENTES PARA LACAS, DILUYENTES PARA PINTURAS, ESMALTES BARNICES, ESMALTES PARA PINTAR  PINTURAS AL ESMALTE, ESPESANTES PARA PINTURAS, ESTUCO, EXTRACTOS DE MADERA COLORANTE  EXTRACTOS DE MADERA DE TINTE  EXTRACTOS DE PALO DE CAMPECHE, FIJADORES BARNICES, LACAS, MaSTIQUE RESINA NATURAL, PINTURAS BACTERICIDAS, PINTURAS ANTIGRAFITI, PINTURAS ANTIINCRUSTANTES  PINTURAS ANTISUCIEDAD, PREPARACIONES ANTICORROSIVAS, SECANTES AGENTES DE SECADO PARA PINTURAS,', 25),
('MP', '30int', 'CAFe, TE, CACAO Y SUCEDaNEOS DEL CAFe, ARROZ, TAPIOCA Y SAGU, HARINAS Y PREPARACIONES A BASE DE CEREALES, PAN, PRODUCTOS DE PASTELERiA Y CONFITERiA, HELADOS, AZuCAR, MIEL, JARABE DE MELAZA, LEVADURA, POLVOS DE HORNEAR, SAL, MOSTAZA, VINAGRE, SALSA (CONDIMENTOS), ESPECIAS, HIELO.', 26),
('MP', '30int', 'CAFe Y SUCEDaNEOS DEL CAFe.', 27),
('MP', '29int', 'CARNE, PESCADO, CARNE DE AVE Y CARNE DE CAZA, EXTRACTOS DE CARNE, FRUTAS Y VERDURAS, HORTALIZAS Y LEGUMBRES EN CONSERVA, CONGELADAS, SECAS Y COCIDAS, JALEAS, CONFITURAS, COMPOTAS, HUEVOS, LECHE, QUESOS, MANTEQUILLA, YOGUR Y OTROS PRODUCTOS LaCTEOS, ACEITES Y GRASAS PARA USO ALIMENTICIO.', 28),
('MP', '5int', 'PRODUCTOS FARMACeUTICOS', 29),
('MP', '33int', 'BEBIDAS ALCOHoLICAS (EXCEPTO CERVEZA), VINOS, WHISKY, RON.', 30),
('MP', '30int', 'GALLETAS, TORTAS (PASTELES), PREPARACIONES HECHAS DE HARINA Y CEREALES, PAN, PASTELERiA Y CONFITERiA, HELADOS COMESTIBLES HARINA DE MAiZ, HARINA DE TRIGO, MEZCLAS PARA PREPARAR TORTAS, PASTAS ALIMENTICIAS, ARROZ, AZuCAR, SALSAS, AVENA PROCESADA Y ALIMENTOS A BASE DE AVENA, Te, CAFe, CHOCOLATE, CACAO EN TODAS SUS PRESENTACIONES Y MEZCLAS, BEBIDAS DE CAFe Y CHOCOLATE, KETCHUP (SALSA), SALSA A BASE DE TOMATES, MAYONESA, SALSA A BASE DE MAYONESAS, SALSA DE AJO, SALSA DE SOYA, SALSA INGLESA, SALSA BARBIQUIU, SALSA DE OSTRAS, SALSA DE AJi DULCE, SALSA PICANTE, MEZCLAS DE SALSAS, AROMATIZANTES EN FORMA DE SALSAS CONCENTRADAS, SALSA AGRIDULCE, SALSAS DE CURRY, SALSAS PARA CARNE A LA BARBACOA, SALSAS PARA PASTA, SALSAS PARA PIZZAS, SALSAS UTILIZADAS COMO CONDIMENTOS, ESPECIAS, MOSTAZA, ABLANDADORES DE CARNES, ADEREZOS, ADOBOS, ESPECIAS PRODUCTOS PARA SAZONAR, CONDIMENTOS, LEVADURA, SABORIZANTES ALIMENTICIOS, SAL, VINAGRE, COMIDAS ENVASADAS A BASE DE ARROZ, CON CARNE, PESCADO O VERDURAS, COMIDAS PREPARADAS QUE CONSISTEN PRINCIPALMENTE EN ARROZ Y TAMBIeN CON CARNE, PESCADO O VERDURAS, SAL PARA CONSERVAR PESCADO.', 31),
('MP', '33int', 'Bebidas alcoholicas (excepto cervezas).', 32),
('MP', '32int', 'BEBIDAS, BEBIDAS GASIFICADAS, BEBIDAS CON LIMoN Y PANELA, BEBIDAS CON O A BASE DE PANELA, PREPARACIONES PARA HACER BEBIDAS CON O A BASE DE PANELA O PRODUCTOS DERIVADOS DE LA CA  A DE AZuCAR.', 33),
('MS', '38int', 'SERVICIOS DE TELECOMUNICACIONES Y DE TELEFONiA, ALQUILER DE LiNEAS TELEFoNICAS, TRANSMISIoN ELECTRoNICA DE DATOS Y DOCUMENTOS A TRAVeS DE TERMINALES DE ORDENADOR Y DISPOSITIVOS ELECTRoNICOS, SERVICIOS DE DIFUSIoN DE WEBS, SERVICIOS DE BANDA ANCHA, SERVICIOS DE RADIODIFUSIoN Y COMUNICACIONES INTERACTIVAS, SERVICIOS DE DIRECCIONAMIENTO Y DE UNIoN PARA TELECOMUNICACIONES, COMUNICACIONES POR REDES DE FIBRAS oPTICAS, COMUNICACIONES POR TERMINALES DE ORDENADOR, TRANSMISIoN DE MENSAJES Y DE IMaGENES ASISTIDA POR ORDENADOR, SERVICIOS DE ACCESO A UN PORTAL DE INTERNET, SERVICIOS DE REDES DE TELECOMUNICACIONES MoVILES, TRANSMISIoN DE MENSAJES POR TELeFONO Y FAX, SERVICIOS DE VIDEOCONFERENCIA, SERVICIOS DE GRABACIoN, DE FILTRADO Y DE EXCLUSIoN DE LLAMADAS, SERVICIOS Y EXPLOTACIoN DE SALAS DE CHAT, FOROS SALAS DE CHAT PARA SISTEMAS DE REDES SOCIALES, FACILITACIoN DE ACCESO A BLOGS DE LA WEB, FACILITACIoN DE ENLACES ELECTRoNICOS DE COMUNICACIoN, SERVICIOS DE MENSAJERiA ELECTRoNICA, SERVICIOS DE ACCESO A TRANSACCIONES COMERCIALES A TRAVeS DE REDES DE COMUNICACIoN ELECTRoNICAS, SERVICIOS DE DIFUSIoN Y TRANSMISIoN DE INFORMACIoN A TRAVeS DE REDES O INTERNET, FACILITACIoN DE CONEXIONES DE TELECOMUNICACIoN A INTERNET O A BASES DE DATOS, SERVICIOS DE DIFUSIoN DE EMISIONES, SERVICIOS DE EMISIoN Y DIFUSIoN DE PROGRAMAS DE TELEVISIoN Y RADIOFoNICOS, SERVICIOS DE ACCESO A INTERNET, SERVICIO DE MENSAJERiA DE TEXTOS Y DE CORREO ELECTRoNICO, SERVICIOS DE INFORMACIoN RELACIONADOS CON LAS TELECOMUNICACIONES, PRESTADOS POR MEDIO DE REDES DE TELECOMUNICACIONES, SERVICIOS DE UN PROVEEDOR DE RED, EN CONCRETO ALQUILER Y MANIPULACIoN DE TIEMPOS DE ACCESO A REDES DE DATOS Y BASES DE DATOS, EN PARTICULAR INTERNET, ALQUILER DE EQUIPOS Y DISPOSITIVOS DE TELECOMUNICACIONES, INCLUYENDO TELeFONOS, ALQUILER DE INSTALACIONES DE TELECOMUNICACIONES, PRESTACIoN DE SERVICIOS DE COMUNICACIONES A TRAVeS DEL USO DE TARJETAS TELEFoNICAS O TARJETAS DE DeBITO, INFORMACIoN EN MATERIA DE TELECOMUNICACIONES, FACILITACIoN DE ACCESO A CONTENIDOS, SITIOS WEB Y PORTALES, FACILITACIoN A USUARIOS DE ACCESO REMOTO SEGURO A TRAVeS DE INTERNET A REDES INFORMaTICAS PRIVADAS.', 34),
('MS', '35int', 'SERVICIOS DE VENTA AL POR MENOR, SERVICIOS DE PUBLICIDAD, SERVICIOS DE MERCADEO, ESTUDIOS DE MERCADO, SERVICIOS DE PROMOCIoN, SERVICIOS DE CONSULTORiA EMPRESARIAL, FACILITAR EL INTERCAMBIO Y LA VENTA DE PRODUCTOS Y SERVICIOS A TRAVeS DE REDES DE COMPUTACIoN Y DE COMUNICACIoN, PROPORCIONAR INSTALACIONES EN LiNEA PARA CONECTAR A LOS COMPRADORES CON LOS VENDEDORES, PROPORCIONAR UN MERCADO EN LiNEA, PROPORCIONAR UN MERCADO EN LiNEA PARA ACTIVOS DIGITALES, FICHAS (TOKENS) DIGITALES, CRIPTOTOKENS, TOKENS DE UTILIDAD, TOKENS NO FUNGIBLES (NFTS), COLECCIONABLES DIGITALES, CRIPTOCOLECCIONABLES, CRIPTODIVISAS, MONEDAS DIGITALES Y MONEDAS VIRTUALES, PROPORCIONAR UN MERCADO EN LiNEA PARA COMPRADORES Y VENDEDORES DE BIENES DIGITALES AUTENTICADOS POR TOKENS NO FUNGIBLES (NFT), PROPORCIONAR UN MERCADO EN LiNEA PARA ALQUILAR, TOMAR PRESTADO E INTERCAMBIAR ACTIVOS DIGITALES, TOKENS DIGITALES, CRIPTOTOKENS, TOKENS DE UTILIDAD, TOKENS NO FUNGIBLES (NFT), COLECCIONABLES DIGITALES, CRIPTOCOLECCIONABLES, CRIPTODIVISAS, MONEDAS DIGITALES Y MONEDAS VIRTUALES, PROPORCIONAR UN MERCADO VIRTUAL PARA ACTIVOS DIGITALES, TOKENS DIGITALES, CRIPTOTOKENS, TOKENS DE UTILIDAD, TOKENS NO FUNGIBLES (NFTS), COLECCIONABLES DIGITALES, CRIPTOCOLECCIONABLES, CRIPTODIVISAS, MONEDAS DIGITALES Y MONEDAS VIRTUALES, PROPORCIONAR UN MERCADO VIRTUAL PARA COMPRADORES Y VENDEDORES DE BIENES DIGITALES AUTENTIFICADOS POR TOKENS NO FUNGIBLES (NFTS), PROPORCIONAR UN MERCADO VIRTUAL PARA ALQUILAR, TOMAR PRESTADO Y COMERCIAR CON FICHAS NO FUNGIBLES (NFT), FACILITAR EL INTERCAMBIO Y LA VENTA DE SERVICIOS Y PRODUCTOS DE TERCEROS A TRAVeS DE REDES DE COMPUTACIoN Y DE COMUNICACIoN, PROPORCIONAR MERCADOS EN LiNEA PARA VENDEDORES DE BIENES YO SERVICIOS, SERVICIOS DE SUBASTA, SERVICIOS DE VOTACIoN, PROMOVER LOS BIENES Y SERVICIOS DE OTROS A TRAVeS DE REDES DE COMPUTACIoN Y DE COMUNICACIoN.', 35),
('MP', '3int', 'PERFUMERiA, CoSMETICOS, ACEITES ESENCIALES, JABONES COSMeTICOS, SPLASH.', 36),
('MP', '30int', 'CAFe, TE, CACAO, AZuCAR, ARROZ, TAPIOCA, SAGu, SUCEDaNEOS DEL CAFe, HARINAS Y PREPARACIONES HECHAS DE CEREALES, PAN, PASTELERiA Y CONFITERiA, HELADOS COMESTIBLES, MIEL, JARABE DE MELAZA, LEVADURA, POLVOS PARA ESPONJAR, SAL, MOSTAZA, VINAGRE, SALSAS (CONDIMENTOS), ESPECIAS, HIELO.', 37),
('MP', '30int', 'CAFe, Te, CACAO Y SUS SUCEDaNEOS, ARROZ, PASTAS ALIMENTICIAS Y FIDEOS, TAPIOCA Y SAGu, HARINAS Y PREPARACIONES A BASE DE CEREALES, PAN, PRODUCTOS DE PASTELERiA Y CONFITERiA, CHOCOLATE, HELADOS CREMOSOS, SORBETES Y OTROS HELADOS, AZuCAR, MIEL, JARABE DE MELAZA, LEVADURA, POLVOS DE HORNEAR, SAL, PRODUCTOS PARA SAZONAR, ESPECIAS, HIERBAS EN CONSERVA, VINAGRE, SALSAS Y OTROS CONDIMENTOS, HIELO.', 38),
('MP', '25int', 'PRENDAS DE VESTIR PARA DAMA, CABALLERO Y NI  O, ROPA INTIMA, CALZADO.', 39),
('MP', '9int', 'Software de aplicacion, altavoces de audio, cargadores de baterias, baterias, cascos de bicicleta, tarjetas de memoria flash en blanco, unidades flash USB en blanco, camaras, fundas para telefonos moviles, unidades de procesamiento central (CPU) hardware de ordenador, estaciones de acoplamiento de ordenador, hardware de ordenador, ratones de ordenador, monitores de ordenador, ordenadores, software de juegos de ordenador, software de ordenador para recopilar, procesar, supervisar, analizar, gestionar y notificar informacion relativa al uso y rendimiento de software, aplicaciones, juegos de ordenador y video, sitios web, mundos virtuales y contenido audiovisual, software informatico para recopilar, procesar, analizar, gestionar y comunicar informacion relativa a la actividad en linea, en Internet y en sitios web, software informatico para dise  ar, desarrollar, modificar y mejorar programas informaticos, aplicaciones, juegos de ordenador y de video, sitios web y contenidos audiovisuales, imanes decorativos, materiales digitales, a saber, fichas no fungibles (NFT), medios digitales, a saber, contenidos audiovisuales descargables en los ambitos del entretenimiento, la musica, los videojuegos y las competiciones de videojuegos, medios digitales, a saber, contenidos multimedia descargables en los ambitos del entretenimiento, la musica, los videos musicales, los videojuegos y las competiciones de videojuegos, dispositivos de transmision de medios digitales, se  alizacion digital, software de juegos de ordenador descargable, software de videojuegos descargable, software de juegos de realidad aumentada descargable, software de salvapantallas de ordenador descargable, software de ordenador descargable para la gestion de transacciones mediante tecnologia de cadenas de bloques, software de ordenador descargable para el comercio, la visualizacion y la gestion de coleccionables digitales, a saber, arte, celulas de animacion, imagenes, fotografias, tarjetas comerciales y videos, software de fondos de pantalla de ordenador descargable, medios digitales descargables, a saber, coleccionables digitales creados con tecnologia de software basada en cadenas de bloques, musica digital descargable, publicaciones electronicas descargables, a saber, comics, novelas graficas, revistas, manuales y boletines informativos en el ambito del entretenimiento y los videojuegos, peliculas descargables, programas de television y otros programas de entretenimiento de corta duracion de distintos generos, archivos de musica descargables, podcasts descargables en el ambito del entretenimiento, la musica, los deportes electronicos y los videojuegos, software descargable para la transmision de contenidos multimedia audiovisuales a traves de Internet y a dispositivos moviles, bienes virtuales descargables, bienes virtuales descargables, a saber, programas de software de ordenador que contienen recursos, fichas y moneda virtual para su uso en videojuegos y mundos virtuales en linea, software descargable que contiene moneda virtual, a saber, programas de ordenador que contienen fichas y moneda para su uso en videojuegos en linea para la web y para moviles, software descargable de juegos de realidad virtual, discos, cintas, cartuchos y CDROM, todos ellos con software de juegos de ordenador o videojuegos, aparatos electronicos de diversion, a saber, programas de grabacion de circuitos electronicos para aparatos de diversion para su uso con pantallas de cristal liquido, bastoncillos para los oidos, estaciones de acoplamiento electronicas, estuches para gafas, gafas, software de juegos, auriculares, auriculares para usar con ordenadores, soportes para auriculares de telefono en el coche, software de juegos interactivos, software informatico de entretenimiento interactivo para videojuegos, programas de videojuegos multimedia interactivos, lentes para camaras de telefonos inteligentes, tarjetas de regalo codificadas magneticamente, ordenadores centrales, cargadores de baterias de telefonos moviles, baterias de telefonos moviles, amplificadores de se  al de telefonos moviles, telefonos moviles, monopies para dispositivos electronicos digitales de mano, a saber, camaras, telefonos moviles, tabletas, alfombrillas de raton, ordenadores portatiles, podcasts, tarjetas telefonicas de prepago no codificadas magneticamente, discos compactos pregrabados con bandas sonoras de musica y peliculas, discos opticos y magnetoopticos pregrabados con peliculas, programas de television y programas cortos de entretenimiento de animacion, comedia, drama, deportes electronicos, fantasia y ciencia ficcion, discos de video pregrabados y DVD con peliculas, programas de television y programas de entretenimiento de corta duracion de animacion, comedia, drama, deportes electronicos, fantasia y ciencia ficcion, fundas protectoras para telefonos moviles, tabletas y ordenadores portatiles, baterias recargables, software de juegos de realidad aumentada grabados, software de videojuegos grabados, software de juegos de realidad virtual grabados, protectores de pantalla para telefonos moviles, tarjetas de memoria digital seguras, telefonos inteligentes, relojes inteligentes, software para proporcionar emoticonos, altavoces, grabaciones de sonido que se pueden transmitir, videos que se pueden transmitir, fundas para gafas de sol, gafas de sol, ordenadores de tableta, telefonos, cartuchos de videojuegos, discos de videojuegos, software de videojuegos, software de juegos de realidad virtual, cargadores inalambricos, extensores de red inalambrica.', 40),
('MP', '30int', 'CAFe, Te, CACAO Y SUCEDaNEOS DEL CAFe, ARROZ, TAPIOCA Y SAGu, HARINAS Y PREPARACIONES A BASE DE CEREALES, PAN, PRODUCTOS DE PASTELERiA Y CONFITERiA, HELADOS, AZuCAR, MIEL, JARABE DE MELAZA, LEVADURA, POLVOS DE HORNEAR, SAL, MOSTAZA, VINAGRE, SALSAS (CONDIMENTOS), ESPECIAS, HIELO.', 41),
('MP', '25int', 'PRENDAS DE VESTIR, CALZADO, ARTICULOS DE SOMBRERIA, JEANS, UNIFORMES.', 42),
('MP', '1int', 'MEDIOS CATALIZADORES, FIBRAS DE SILICIO PARA SU USO EN LA FABRICACIoN DE BATERiAS, FIBRAS DE SILICIO PARA SU USO EN LA FABRICACIoN DE BATERiAS DE IONES DE LITIO, FIBRAS POROSAS DE SILICIO PARA SU USO EN LA FABRICACIoN DE BATERiAS, MATERIALES DE aNODOS DE SILICIO PARA SU USO EN LA FABRICACIoN DE aNODOS PARA BATERiAS DE IONES DE LITIO, MATERIALES DE aNODOS DE SILICIO PARA SU USO EN LA FABRICACIoN DE aNODOS PARA BATERiAS, COMPOSICIONES QUiMICAS ACTIVAS DE aNODOS PARA SU USO EN LA FABRICACIoN DE BATERiAS, AGENTES CATALiTICOS EN FORMA DE FIBRAS ACTIVADAS PARA SU USO EN PROCESOS CATALiTICOS, AGENTES CATALiTICOS EN FORMA DE FIBRAS CATALIZADAS PARA SU USO EN PROCESOS CATALiTICOS, AGENTES CATALiTICOS EN FORMA DE COMPOSICIONES DE FIBRAS ACTIVADAS QUE COMPRENDEN FIBRAS INORGaNICAS POROSAS DE ALTA aREA SUPERFICIAL Y UN AGENTE ACTIVO PARA USO EN PROCESOS CATALiTICOS, AGENTES CATALiTICOS EN FORMA DE COMPOSICIONES DE FIBRAS ACTIVADAS COMPUESTAS POR FIBRAS INORGaNICAS POROSAS DE ALTA aREA SUPERFICIAL Y UN AGENTE ACTIVO PARA SU USO EN PROCESOS CATALiTICOS COMO ELEMENTOS DE FILTRO, COMPONENTES DE SISTEMAS DE ESCAPE, MATERIALES DE SOPORTE CATALiTICOS, PAPELES, MANTAS, TABLEROS, ESTERILLAS, FIELTROS, TEXTILES, FORMAS 3D Y PELiCULAS, CATALIZADORES PARA SU USO EN LA FABRICACIoN DE PRODUCTOS QUiMICOS INDUSTRIALES, SOPORTES DE CATALIZADORES, AGENTES CATALiTICOS EN FORMA DE FIBRAS ACTIVADAS FORMADAS EN FIGURAS TRIDIMENSIONALES DE VARIOS TAMA  OS PARA SU USO EN PROCESOS CATALiTICOS, PAPEL SEPARADOR DE BATERiA A BASE DE FIBRA DE VIDRIO PARA SU USO EN BATERiAS, PAPEL SEPARADOR DE BATERiA A BASE DE FIBRA DE VIDRIO PARA SU USO EN BATERiAS DE IONES DE LITIO, PAPEL SEPARADOR DE BATERiAS A BASE DE FIBRA DE VIDRIO PARA SU USO EN LA FABRICACIoN DE BATERiAS, PAPEL SEPARADOR DE BATERiAS A BASE DE FIBRA DE VIDRIO PARA SU USO EN LA FABRICACIoN DE BATERiAS DE IONES DE LITIO, MATERIALES DE aNODO PARA BATERiAS', 43),
('MP', '16int', 'ADHESIVOS PARA PAPELERiA O PARA EL HOGAR, PINCELES, MATERIALES PARA ARTISTAS, ADHESIVOS PARA TRABAJAR LA MADERA PARA USO DOMeSTICO, PEGAMENTOS PARA TEJIDOS DOMeSTICOS.', 44),
('MP', '28int', 'AURICULARES Y CASCOS DE REALIDAD VIRTUAL, AUMENTADA Y MIXTA ADAPTADOS PARA SU USO EN VIDEOJUEGOS, CASCOS DE REALIDAD VIRTUAL PARA JUGAR A VIDEOJUEGOS PARA CONECTARSE A COMPUTADORES, CONSOLAS DE VIDEOJUEGOS, CONSOLAS DE VIDEOJUEGOS PORTaTILES, TABLETAS, DISPOSITIVOS MoVILES Y TELeFONOS MoVILES PARA PERMITIR EXPERIENCIAS DE REALIDAD VIRTUAL, CONSOLAS DE VIDEOJUEGOS, UNIDADES DE CONTROL REMOTO INTERACTIVO PARA VIDEOJUEGOS, PERIFeRICOS PORTaTILES PARA JUGAR A VIDEOJUEGOS ESPECIALMENTE ADAPTADOS PARA COMPUTADORAS, CONSOLAS DE VIDEOJUEGOS, CONSOLAS DE VIDEOJUEGOS PORTaTILES, TABLETAS, DISPOSITIVOS MoVILES Y TELeFONOS MoVILES, CONTROLADORES PARA JUEGOS DE COMPUTADORA, CASCOS DE AUDIO Y VISUALES PARA JUGAR A VIDEOJUEGOS, UNIDADES DE MANO PARA JUGAR JUEGOS ELECTRoNICOS, DE COMPUTACIoN, INTERACTIVOS Y DE ViDEO, DISPOSITIVOS DE JUEGOS, DISPOSITIVOS MoVILES DE JUEGOS, TALES COMO, MaQUINAS DE JUEGOS CON O SIN SALIDA DE VIDEO PARA JUGAR JUEGOS DE COMPUTADORA Y VIDEOJUEGOS, CONSOLAS DE JUEGOS DE COMPUTADORA PARA SU USO CON UNA PANTALLA O MONITOR EXTERNO, APARATOS PARA JUEGOS ELECTRoNICOS QUE NO SEAN LOS ADAPTADOS PARA SU USO CON UNA PANTALLA O MONITOR EXTERNO, APARATOS PARA JUEGOS ELECTRoNICOS ADAPTADOS PARA SU USO CON UNA PANTALLA O MONITOR EXTERNO, BOLSAS ESPECIALMENTE ADAPTADAS PARA VIDEOJUEGOS PORTaTILES Y CONSOLAS DE VIDEOJUEGOS, JOYSTICKS (MANDOS) DE VIDEOJUEGOS Y COMPUTADORAS, CONSOLAS DE JUEGOS DE COMPUTADORA PARA JUGAR JUEGOS RECREATIVOS, PELiCULAS DE PLaSTICO ADAPTADAS CONOCIDAS COMO SKINS PARA CUBRIR Y PROTEGER APARATOS DE JUEGOS ELECTRoNICOS, TALES COMO, CONSOLAS DE VIDEOJUEGOS Y UNIDADES PORTaTILES DE VIDEOJUEGOS, CONTROLADORES DE JUEGOS DEL TIPO DE TECLADOS PARA JUEGOS DE COMPUTADORA, JUEGOS ADAPTADOS PARA SU USO CON RECEPTORES DE TELEVISIoN, AURICULARES PARA JUEGOS ADAPTADOS PARA SU USO EN JUEGOS DE VIDEO, JOYSTICKS DE MANO PARA JUGAR A VIDEOJUEGOS, CONSOLAS DE JUEGOS PORTaTILES, JUEGOS ELECTRoNICOS DE MANO ADAPTADOS PARA SU USO uNICAMENTE CON RECEPTORES DE TELEVISIoN, JUEGOS DE MANO CON PANTALLAS DE CRISTAL LiQUIDO, UNIDADES DE MANO PARA JUGAR JUEGOS ELECTRoNICOS PARA SU USO CON PANTALLAS O MONITORES EXTERNOS, MaQUINAS DE VIDEOJUEGOS, MaQUINAS DE JUEGOS LCD, CONTROLADORES ELECTRoNICOS OPERADOS POR JUGADORES PARA MaQUINAS DE VIDEOJUEGOS ELECTRoNICOS, ESTUCHES PROTECTORES ESPECIALMENTE ADAPTADOS PARA VIDEOJUEGOS PORTaTILES Y CONSOLAS DE VIDEOJUEGOS, MaQUINA DE VIDEOJUEGOS INDEPENDIENTE (AUToNOMAS), SOPORTES PARA APARATOS DE JUEGOS ELECTRoNICOS, TALES COMO, CONSOLAS DE VIDEOJUEGOS Y UNIDADES PORTaTILES DE VIDEOJUEGOS, UNIDADES DE SOBREMESA PARA JUGAR A JUEGOS ELECTRoNICOS QUE NO SEAN JUNTO CON UN TELEVISOR O UN COMPUTADOR, CONTROLES REMOTOS PORTaTILES INTERACTIVOS DE VIDEOJUEGOS PARA JUGAR JUEGOS ELECTRoNICOS, CONTROLADORES PARA CONSOLAS DE JUEGOS, MaQUINAS RECREATIVAS DE VIDEOJUEGOS DE SALoN, MaQUINAS DE VIDEOJUEGOS PARA EL HOGAR, MaQUINA DE VIDEOJUEGOS INDEPENDIENTE (AUToNOMAS).', 45),
('MP', '30int', 'PRODUCTOS Y SUBPRODUCTOS DE LA CA  A DE AZuCAR, TALES COMO AZuCAR BLANCA REFINADA, MORENA, EN POLVO, JARABE, CARAMELO, PANELA, CAFe EN GRANO SIN PROCESAR, PROCESADO EN GRANO, MOLIDO, HARINAS DE TRIGO TODO USO, LEUDANTE, INTEGRAL, HARINAS DE MAiZ PRECOCIDA BLANCA Y AMARILLA, ARROZ BLANCO, INTEGRAL, PARBOLIZADO Y HARINA DE ARROZ', 46),
('NC', '46int', 'COMPRA, VENTA, IMPORTACIoN, EXPORTACIoN, DE PARTES Y REPUESTOS PARA REFRIGERACIoN, EQUIPOS DE REFRIGERACIoN, Y REFRIGERACIoN DOMESTICA.', 47),
('MP', '30int', 'CAFe, Te, CACAO Y SUCEDaNEOS DEL CAFe, ARROZ, PASTAS ALIMENTICIAS Y FIDEOS, TAPIOCA Y SAGu, HARINAS Y PREPARACIONES A BASE DE CEREALES, AZuCAR, SAL, PRODUCTOS Y ESPECIES PARA SAZONAR.', 48),
('MP', '33int', 'BEBIDAS ALCOHoLICAS, EXCEPTO CERVEZAS, PREPARACIONES ALCOHoLICAS PARA HACER BEBIDAS, VINOS, SIDRA ALCOHoLICA, AGUARDIENTES, LICORES, ESENCIAS ALCOHoLICAS, EXTRACTOS DE FRUTAS ALCOHoLICAS, AMARGOS.', 49),
('NC', '46int', 'LA COMPA  IA TENDRA COMO OBJETO TODO LO RELACIONADO CON LA IMPORTACION, EXPORTACION, COMPRA VENTA, COMERCIALIZACION, ALMACENAMIENTO Y TRANSPORTE AL MAYOR Y AL DETAL DE TODA CLASE DE MERCANCIAS DE LICITO COMERCIO,TALES COMO: ALIMENTOS PARA CONSUMO HUMANO, ALIMENTOS DE CONSUMO ANIMAL, ALIMENTOS PERECEDEROS Y NO PERECEDEROS, PRODUCTOS LACTEOSY TODOS SUS DERIVADOS, PRODUCTOS PROCESADOS, CHARCUTERIA, PRODUCTOS DEL CAMPO, VIVERES EN GENERAL, GRANOS, HORTALIZAS, VERDURAS, PRODUCTOS DERIVADOS DE LA HARINA TALES COMO: DULCES CRIOLLOS, DULCES ARTESANALES, TORTAS, PASTELITOS, PRODUCTOS DE LIMPIEZA DE USO INDUSTRIAL, PARTICULAR, ARTICULOS DE HIGIENE PERSONAL, ARTICULOS PARA EL HOGAR, BEBIDAS GASEOSAS, REFRESCANTES, ASI COMO TODO TIPO DE BEBIDAS ALCOHOLICAS, LICORES, VINOS NACIONALES E IMPORTADOS EN ENVASE CERRADO, ARTICULOS PLASTICOS, UTILITARIOS, DESECHABLES, DESCARTABLES, JUGUETES, MATERIALES ELECTRICOS Y DE FERRETERIA, ASI COMO TAMBIEN ARTICULOS DE OFICINA, PAPELERIA EN GENERAL, DIVERSOS REPUESTOS AUTOMOTRICES, ACCESORIOS, AUTO PERIQUITOS, Y EN GENERAL CUALQUIER ACTIVIDAD CONEXA CON EL OBJETO PRINCIPAL DE LA EMPRESA.', 50),
('MP', '5int', 'PRODUCTOS FARMACEUTICOS Y DIETETICOS PARA EL CONSUMO HUMANO', 51),
('MP', '31int', 'PRODUCTOS AGRiCOLAS, ACUiCOLAS, HORTiCOLAS Y FORESTALES EN BRUTO Y SIN PROCESAR, GRANOS Y SEMILLAS EN BRUTO O SIN PROCESAR, FRUTAS Y VERDURAS, HORTALIZAS Y LEGUMBRES FRESCAS, HIERBAS AROMaTICAS FRESCAS, PLANTAS Y FLORES NATURALES, BULBOS, PLANTONES Y SEMILLAS PARA PLANTAR, ANIMALES VIVOS, PRODUCTOS ALIMENTICIOS Y BEBIDAS PARA ANIMALES, MALTA.', 52),
('MS', '35int', 'MARCA DE SERVICIO QUE DISTINGUE LOS SERVICIOS DE PUBLICIDAD, MARKETING Y DE PROMOCIoN, Y EL DESARROLLO DE CONCEPTOS PUBLICITARIOS.', 53),
('MS', '39int', 'TRANSPORTE, EMBALAJE Y ALMACENAMIENTO DE MERCANCiAS, ORGANIZACIoN DE VIAJES.', 54),
('MP', '25int', 'PRENDAS DE VESTIR, UNIFORMES, CALZADO, ARTiCULOS DE SOMBRERERiA.', 55),
('MP', '25int', 'PRENDAS DE VESTIR, UNIFORMES, CALZADO, ARTiCULOS DE SOMBRERERiA.', 56),
('MP', '5int', 'PRODUCTOS FARMACeUTICOS, PREPARACIONES PARA USO MeDICO Y VETERINARIO, PRODUCTOS HIGIeNICOS Y SANITARIOS PARA USO MeDICO, ALIMENTOS Y SUSTANCIAS DIETeTICAS PARA USO MeDICO O VETERINARIO, ALIMENTOS PARA BEBeS, SUPLEMENTOS ALIMENTICIOS PARA PERSONAS O ANIMALES, EMPLASTOS, MATERIAL PARA APoSITOS, MATERIAL PARA EMPASTES E IMPRONTAS IMPRESIONES DENTALES, DESINFECTANTES, PRODUCTOS PARA ELIMINAR ANIMALES DA  INOS, FUNGICIDAS,PRODUCTOS FARMACeUTICOS Y OTRAS PREPARACIONES PARA USO MeDICO O VETERINARIO. LOS PRODUCTOS DE HIGIENE PERSONAL QUE NO SEAN DE TOCADOR, LOS PA  ALES PARA BEBeS E INCONTINENTESY PARA LA INCONTINENCIA, LOS DESODORIZANTES QUE NO SEAN PARA PERSONAS O ANIMALES,LOS CHAMPuS, JABONES, LOCIONES Y DENTiFRICOS MEDICINALES, LOS SUPLEMENTOS ALIMENTICIOS DESTINADOS A COMPLETAR UNA DIETA NORMAL O A BENEFICIAR LA SALUD, LOS SUSTITUTOS DE COMIDAS Y LOS ALIMENTOS Y BEBIDAS DIETeTICOS PARA USO MeDICO O VETERINARIO.', 57),
('MP', '5int', 'HERBICIDAS, DEPURATIVOS, BIOCIDAS, FUNGICIDAS PARA USO AGRiCOLA, PESTICIDAS, GERMICIDAS, MEDICAMENTOS PARA USO VETERINARIO, PRODUCTOS PARA ELIMINAR ANIMALES DA  INOS, HERBICIDAS PARA USO AGRiCOLA, FUNGICIDAS.', 58),
('MP', '16int', 'PAPEL, CARToN Y ARTiCULOS DE ESTAS MATERIAS NO COMPRENDIDOS EN OTRAS CLASES, PRODUCTOS DE IMPRENTA, MATERIAL DE ENCUADERNACIoN, FOTOGRAFiAS, ARTiCULOS DE PAPELERiA, ADHESIVOS (PEGAMENTOS) DE PAPELERiA O PARA USO DOMeSTICO, MATERIAL PARA ARTISTAS, PINCELES, MaQUINAS DE ESCRIBIR Y ARTiCULOS DE OFICINA (EXCEPTO MUEBLES), MATERIAL DE INSTRUCCIoN O MATERIAL DIDaCTICO (EXCEPTO APARATOS), MATERIAS PLaSTICAS PARA EMBALAR (NO COMPRENDIDAS EN OTRAS CLASES), CARACTERES DE IMPRENTA, CLICHeS DE IMPRENTA. ESPECIALMENTE RECEPTACULOS, BOLSAS Y MATERIAS PLaSTICAS PARA EMBALAR (NO COMPRENDIDAS EN OTRAS CLASES).', 59),
('MS', '35int', 'AUDITORiAS DE EMPRESAS (ANaLISIS DE NEGOCIOS), ENCUESTAS DE OPINIoN, CONSULTORiA DE GESTIoN GUBERNAMENTAL, EN PARTICULAR, SUMINISTRO DE INFORMACIoN EN EL aMBITO DE LOS ASUNTOS GUBERNAMENTALES, CONSULTORiA DE COMUNICACIoN (PUBLICIDAD), SISTEMATIZACIoN DE DATOS E INFORMACIoN EN BASES DE DATOS INFORMaTICAS, CONSULTORiA EMPRESARIAL Y COMERCIAL,DISTRIBUCIoN DE MATERIAL PUBLICITARIO (FOLLETOS, VOLANTES, IMPRESOS, MUESTRAS), INVESTIGACIoN DE MERCADO, PORTEO DE SALARIOS, TRABAJO DE OFICINA, SERVICIOS DE PROTECCIoN CONTRA FRAUDES EN LiNEA, ADMINISTRACION DE NEGOCIOS, SERVICIOS DE PROVISIoN DE INFORMACIoN COMERCIAL UTILIZANDO BASES DE DATOS COMERCIALES Y SERVICIOS COMERCIALES, CONSULTORiA DE SEGURIDAD EMPRESARIAL, CONSULTORiA EN COMUNICACIoN (RELACIONES PuBLICAS), CONTABILIDAD, PUBLICIDAD,REALIZACIoN, ORGANIZACIoN Y MONTAJE DE FERIAS Y EXPOSICIONES CON FINES COMERCIALES Y PUBLICITARIOS, GESTIoN DE EMPRESAS RELACIONADAS CON LOS SERVICIOS DE CARIDAD, INFORMACIoN Y ASISTENCIA EMPRESARIAL EN LAS aREAS DE SOSTENIBILIDAD, CONSERVACIoN, RECICLAJE, ENERGiAS RENOVABLES, REDUCCIoN DE LA HUELLA DE CARBONO, CAMBIO CLIMaTICO Y MEDIO AMBIENTE,INVESTIGACIoN DE MERCADO, ALQUILER DE ESPACIOS PUBLICITARIOS, ALQUILER DE TIEMPOS PUBLICITARIOS EN CUALQUIER SOPORTE, SERVICIOS DE AGENCIAS DE EMPLEO, OPTIMIZACIoN DEL TRaFICO PARA SITIOS WEB, ORGANIZACIoN DE EXPOSICIONES CON FINES COMERCIALES O PUBLICITARIOS,ORGANIZACIoN DE EXPOSICIONES CON FINES PROFESIONALES O COMERCIALES, GESTIoN DE ASUNTOS COMERCIALES, ORGANIZACIoN Y REALIZACIoN DE PROGRAMAS DE INCENTIVOS, SERVICIOS DE INTERMEDIACIoN COMERCIAL, SERVICIOS DE INFORMACIoN COMERCIAL PRESTADOS A TRAVeS DE BASES DE DATOS PARA FACILITAR LA CREACIoN DE RELACIONES COMERCIALES EN LiNEA O A TRAVeS DE INTERNET,SERVICIOS DE INFORMACIoN COMERCIAL, CONSULTORiA EN ORGANIZACIoN Y GESTIoN DE EMPRESAS,SERVICIOS DE CONSULTORiA EMPRESARIAL Y PRESTACIoN DE ASESORAMIENTO EMPRESARIAL, SERVICIOS DE ANaLISIS DE DATOS COMERCIALES, SERVICIOS DE SUSCRIPCIoN DE TELECOMUNICACIONES PARA TERCEROS, SERVICIOS DE SUSCRIPCIoN A PERIoDICOS (PARA TERCEROS), SERVICIOS ADMINISTRATIVOS,SENSIBILIZACIoN PuBLICA SOBRE SOSTENIBILIDAD, CONSERVACIoN, RECICLAJE, ENERGiAS RENOVABLES, REDUCCIoN DE LA HUELLA DE CARBONO, CAMBIO CLIMaTICO Y MEDIO AMBIENTE, SERVICIOS DE FOTOCOPIAS, RELACIONES PuBLICAS, RECOPILACIoN DE INFORMACIoN EN BASES DE DATOS INFORMaTICAS, PUBLICIDAD EN LiNEA EN UNA RED INFORMaTICA, SERVICIOS DE TIENDAS MINORISTAS, DISPONIBLES A TRAVeS DE CATaLOGOS Y REDES INFORMaTICAS MUNDIALES, PUBLICACIoN DE TEXTOS PUBLICITARIOS, PREVISIoN ECONoMICA, SERVICIO DE PUBLICIDAD, SERVICIO DE GESTIoN DE ARCHIVOS INFORMATIZADOS, SERVICIOS DE CONSULTORiA EN EL aMBITO DEL ANaLISIS DE DETECCIoN DE BILLETES FALSOS, SERVICIOS DE SUMINISTRO DE DOCUMENTACIoN.', 60),
('MS', '35int', 'SERVICIOS DE TIENDAS MINORISTAS Y SERVICIOS DE TIENDAS MINORISTAS EN LiNEA, A SABER, SERVICIOS DE FARMACIAS MINORISTAS Y DE TIENDAS DE MERCANCiAS EN GENERAL ACCESIBLES EN LiNEA Y POR MEDIO DE APLICACIONES MoVILES, SERVICIOS DE VENTA MINORISTA Y DE TIENDAS MINORISTAS EN LiNEA, A SABER, SERVICIOS DE FARMACIAS MINORISTAS Y TIENDAS DE MERCADERiA GENERAL CON SERVICIO DE ENTREGA, SERVICIOS DE FARMACIA, A SABER, SERVICIOS DE FARMACIA MINORISTA Y TIENDAS DE MERCANCiAS EN GENERAL CON ENTREGA A DOMICILIO, SERVICIOS DE FARMACIA DE PEDIDOS POR CORREO Y SERVICIOS DE FARMACIA MINORISTA EN LiNEA DIGITAL ACCESIBLES EN LiNEA Y POR MEDIO DE APLICACIONES MoVILES', 61),
('MP', '5int', 'PRODUCTOS FARMACeUTICOS', 62),
('MP', '3int', 'PRODUCTOS COSMeTICOS Y PREPARACIONES DE TOCADOR NO MEDICINALES, DENTiFRICOS NO MEDICINALES, PRODUCTOS DE PERFUMERiA, ACEITES ESENCIALES, PREPARACIONES PARA BLANQUEAR Y OTRAS SUSTANCIAS PARA LAVAR LA ROPA, PREPARACIONES PARA LIMPIAR, PULIR, DESENGRASAR Y RASPAR.', 63),
('MP', '5int', 'Vacunas.', 64),
('MP', '25int', 'PRENDAS DE VESTIR, CALZADO Y ARTiCULOS DE SOMBRERERIA', 65),
('MS', '35int', 'GESTIoN DE EMPRESAS, ESTUDIOS DE MERCADO, INFORMACIoN SOBRE NEGOCIOS, INVESTIGACIoN COMERCIAL, BuSQUEDAS DE NEGOCIOS, MARKETING.', 66),
('MP', '5int', 'PRODUCTOS FARMACeUTICOS, PREPARACIONES PARA USO MeDICO Y VETERINARIO, PRODUCTOS HIGIeNICOS Y SANITARIOS PARA USO MeDICO, ALIMENTOS Y SUSTANCIAS DIETeTICAS PARA USO MeDICO O VETERINARIO, ALIMENTOS PARA BEBeS, SUPLEMENTOS ALIMENTICIOS PARA PERSONAS O ANIMALES, EMPLASTOS, MATERIAL PARA APoSITOS, MATERIAL PARA EMPASTES E IMPRESIONES DENTALES, DESINFECTANTES, PRODUCTOS PARA ELIMINAR ANIMALES DA  INOS, FUNGICIDAS, HERBICIDAS.', 67),
('MP', '5int', 'PRODUCTOS FARMACeUTICOS.', 68),
('MP', '25int', 'ARTiCULOS DE VESTIR, SOMBREROS Y CALZADOS.', 69),
('MP', '9int', 'SOFTWARE DE COMPUTACIoN DESCARGABLE PARA REDES SOCIALES E INTERACCIoN CON COMUNIDADES EN LiNEA, SOFTWARE DE COMPUTACIoN DESCARGABLE PARA LA PUBLICACIoN Y EL INTERCAMBIO EN LiNEA DE CONTENIDO E IMaGENES DIGITALES DE FORMATO BREVE DEFINIDOS POR EL USUARIO, SOFTWARE DE COMPUTACIoN DESCARGABLE PARA MODIFICAR CONTENIDO BREVE DE AUDIO, ViDEO Y AUDIOVISUAL, SOFTWARE DE COMPUTACIoN DESCARGABLE PARA MODIFICAR Y PERMITIR LA TRANSMISIoN DE CONTENIDO Y DATOS DE FORMATO BREVE DE ViDEO, AUDIO, AUDIOVISUALES Y ViDEO, SOFTWARE DE COMPUTACIoN DESCARGABLE PARA PROCESAR IMaGENES, GRaFICOS, AUDIO, ViDEO Y TEXTO EN CONTENIDO DE ViDEO DE FORMATO BREVE, SOFTWARE DE COMPUTACIoN DESCARGABLE PARA ENCONTRAR CONTENIDO DIGITAL DE FORMATO BREVE GENERADO POR EL USUARIO Y EDITORES DE CONTENIDO, Y PARA SUSCRIBIRSE A CONTENIDO DIGITAL DE FORMATO BREVE GENERADO POR EL USUARIO.', 70),
('MP', '7int', 'MAQUINARIA INDUSTRIAL.', 71),
('MP', '29int', 'CARNE, PESCADO, CARNE DE AVE Y CARNE DE CAZA, EXTRACTOS DE CARNE, FRUTAS Y VERDURAS, HORTALIZAS Y LEGUMBRES EN CONSERVA, CONGELADAS, SECAS Y COCIDAS, JALEAS, CONFITURAS, COMPOTAS, HUEVOS, LECHE, QUESOS, MANTEQUILLA, YOGURT Y OTROS PRODUCTOS LaCTEOS, ACEITES Y GRASAS PARA USO ALIMENTICIO.', 72),
('NC', '46int', 'UNA EMPRESA QUE SE DEDICARA A LA ACTIVIDAD COMERCIAL DE UN SUPERMERCADO QUE INCLUYE LA PRODUCCIoN, ELABORACIoN, FABRICACIoN, MANUFACTURACIoN, COMPRA, VENTA, COMERCIALIZACIoN, TRANSPORTE, IMPORTACIoN, EXPORTACIoN, DISTRIBUCIoN, SUMINISTRO Y EMPAQUETADO AL MAYOR Y AL DETAL DE TODA CLASE DE ALIMENTOS PERECEDEROS Y NO PERECEDEROS, NACIONALES E INTERNACIONALES, MANTEQUILLA, NATA, CREMA, QUESOS, YOGURTS, PRODUCTOS LaCTEOS, SUERO DE LECHE, MARGARINA, CREMA BATIDA, BATIDOS DE LECHE, LECHE, LECHE EN POLVO, LECHE DE SOYA, LECHE DE MANi, LECHE DE ALMENDRAS, LECHE DE ARROZ, LECHE CONDENSADA, BEBIDAS PRINCIPALMENTE A BASE DE LECHE, BEBIDAS A BASE DE AVENAS (SUCEDaNEO DE LA LECHE), MANiES PREPARADOS, MANTEQUILLA DE MANi, APERITIVOS A BASE DE FRUTOS SECOS, BARRITAS A BASE DE FRUTOS SECOS SUSTITUTIVAS DE COMIDAS, BARRITAS ALIMENTICIAS A BASE DE FRUTOS SECOS, BARRITAS ALIMENTICIAS A BASE DE FRUTAS Y FRUTOS SECOS, FRUTOS SECOS COMESTIBLES (PROCESADOS), FRUTOS SECOS CONFITADOS, FRUTOS SECOS EN CONSERVA, FRUTOS SECOS PROCESADOS, ALMENDRAS MOLIDAS, ALMENDRAS PREPARADAS, ALMENDRAS PROCESADAS, CARNE, CARNE DE AVE, FRUTAS Y VERDURAS, HORTALIZAS Y LEGUMBRES EN CONSERVA, CONGELADAS, SECAS Y COCIDAS, JALEAS, CONFITURAS, COMPOTAS, HUEVOS, ACEITES Y GRASAS COMESTIBLES, ACEITE DE GIRASOL, ACEITE DE MAiZ, ACEITE DE SOYA, ACEITE DE OLIVA, PRODUCTOS DEL MAR, OBTENIDOS DE LA PESCA O CRiA, PESCADOS, MARISCOS (QUE NO ESTeN VIVOS), MEJILLONES (QUE NO ESTeN VIVOS) Y OSTRAS (QUE NO ESTeN VIVOS), GALLETAS, TORTAS (PASTELES), PREPARACIONES HECHAS DE HARINA Y CEREALES, PAN, PASTELERiA Y CONFITERiA, HELADOS COMESTIBLES HARINA DE MAiZ, HARINA DE TRIGO, MEZCLAS PARA PREPARAR TORTAS, PASTAS ALIMENTICIAS, ARROZ, AZuCAR, SALSAS, AVENA PROCESADA Y ALIMENTOS A BASE DE AVENA, Te, CAFe, CHOCOLATE, CACAO EN TODAS SUS PRESENTACIONES Y MEZCLAS, BEBIDAS DE CAFe Y CHOCOLATE, KETCHUP (SALSA), SALSA A BASE DE TOMATES, MAYONESA, SALSA A BASE DE MAYONESAS, SALSA DE AJO, SALSA DE SOYA, SALSA INGLESA, SALSA BARBIQUIU, SALSA DE OSTRAS, SALSA DE AJi DULCE, SALSA PICANTE, MEZCLAS DE SALSAS, AROMATIZANTES EN FORMA DE SALSAS CONCENTRADAS, SALSA AGRIDULCE, SALSAS DE CURRY, SALSAS PARA CARNE A LA BARBACOA, SALSAS PARA PASTA, SALSAS PARA PIZZAS, SALSAS UTILIZADAS COMO CONDIMENTOS, ESPECIAS, MOSTAZA, ABLANDADORES DE CARNES, ADEREZOS, ADOBOS, ESPECIAS PRODUCTOS PARA SAZONAR, CONDIMENTOS, LEVADURA, SABORIZANTES ALIMENTICIOS, SAL, VINAGRE, COMIDAS ENVASADAS A BASE DE ARROZ, CON CARNE, PESCADO O VERDURAS, COMIDAS PREPARADAS QUE CONSISTEN PRINCIPALMENTE EN ARROZ Y TAMBIeN CON CARNE, PESCADO O VERDURAS, SAL PARA CONSERVAR PESCADO, AVENA, QUiNOA NO TRANSFORMADA, CEREALES EN GRANO SIN PROCESAR, GRANOS (CEREALES), VERDURAS, HORTALIZAS Y LEGUMBRES FRESCAS, FRUTAS FRESCAS, FRIJOLES FRESCOS, HABAS FRESCAS, ALUBIAS FRESCAS, CARAOTAS Y JUDiAS FRESCAS, ARVEJAS FRESCAS, FRIJOLES FRESCOS, GARBANZOS FRESCOS, LENTEJAS FRESCAS, QUINCHONCHOS FRESCAS, PAJA (TALLO DE CEREALES), PALMAS, PALMERAS, PRODUCTOS DE PUESTA PARA LA AVICULTURA, ALMENDRAS, AVELLANAS Y MANiES FRESCOS, PRODUCTOS ALIMENTICIOS PARA ANIMALES, AFRECHO Y SALVADO PARA LA ALIMENTACIoN ANIMAL, PRODUCTOS PARA LA CRiA DE ANIMALES, PRODUCTOS PARA EL ENGORDE DE ANIMALES, FORTIFICANTES PARA LA ALIMENTACIoN ANIMAL, PASTOS (ALIMENTOS PARA EL GANADO), CEBO CON SUSTANCIAS HARINOSAS PARA EL GANADO, SUBPRODUCTOS DEL PROCESAMIENTO DE CEREALES PARA LA ALIMENTACIoN ANIMAL, ALIMENTOS PARA ANIMALES DE COMPA  iA, OBJETOS MASTICABLES Y COMESTIBLES PARA ANIMALES.', 73),
('MP', '9int', 'APLICACIONES MoVILES DESCARGABLES PARA SU USO CON DISPOSITIVOS PORTALILES Y ORDENADORES, APLICACIoN MoVIL, SOFTWARE DESCARGABLE PARA COMPUTADORA.', 74),
('MP', '21int', 'VAJILLA, TAZAS DE ENTRENAMIENTO PARA BEBeS Y NI  OS, CEPILLOS DE DIENTES ELeCTRICOS, PALILLOS CHINOS DE ENTRENAMIENTO PARA NI  OS, CABEZALES PARA CEPILLOS DE DIENTES ELeCTRICOS, PEINES, CEPILLOS DE DIENTES, CEPILLOS DE DIENTES PARA BEBeS, CEPILLOS PARA LA LIMPIEZA DE LA LENGUA, MONDADIENTES, HILO DENTAL, UTENSILIOS COSMeTICOS, RECIPIENTES TeRMICOS PARA ALIMENTOS, INSTRUMENTOS DE LIMPIEZA ACCIONADOS MANUALMENTE, ARTiCULOS DE CRISTALERiA.', 75),
('LC', '47int', 'LEMA COMERCIAL APLICADO A LA MARCA OB+ MEDICAL HEALTH CARE, SOLICITUD NO. 20226217, EN CLASE INT. 3.', 76),
('MP', '30int', 'HARINAS Y PREPARACIONES A BASE DE CEREALES, PAN, PRODUCTOS DE PASTELERiA', 77),
('MS', '35int', 'SERVICIOS DE AGENCIAS DE PUBLICIDAD, CONSULTORiA SOBRE ESTRATEGIAS DE COMUNICACIoN PUBLICIDAD, CONSULTORiA SOBRE ESTRATEGIAS DE COMUNICACIoN RELACIONES PuBLICAS, CREACIoN DE PERFILES DE CONSUMIDORES CON FINES COMERCIALES O DE MARKETING, DESARROLLO DE CONCEPTOS PUBLICITARIOS, DIFUSIoN DE MATERIAL PUBLICITARIO, ALQUILER DE ESPACIOS PUBLICITARIOS, ESTUDIOS DE MERCADO, SERVICIOS DE INTELIGENCIA DE MERCADO, INVESTIGACIoN DE MARKETING, MERCADOTECNIA.', 78),
('MP', '33int', 'BEBIDAS ALCOHOLICAS, VINOS, VINOS GENEROSOS Y LAS SIDRAS.', 79),
('MP', '5int', 'PRODUCTOS FARMACeUTICOS, PREPARADOS HOMEOPATiCOS, PREPARACIONES PARA USO MEDICO Y VETERINARIO, ALIMENTOS Y SUSTANCIAS DIETETICAS PARA USO MEDICO O VETERINARIO, ALIMENTOS PARA BEBES, COMPLEMENTOS ALIMENTICIOS PARA PERSONAS O ANIMALES.', 80),
('MP', '9int', 'APARATOS DE TELEVISIoN, BARRAS DE SONIDO, ALTAVOCES, TELeFONOS MoVILES, COMPUTADORES TIPO TABLETAS, AURICULARES INALaMBRICOS, CERRADURAS DE PUERTAS INTELIGENTES, ANTEOJOS INTELIGENTES, APLICACIONES DE SOFTWARE PARA TELeFONOS INTELIGENTES, DESCARGABLES, APLICACIONES DE SOFTWARE DE COMPUTACIoN, DESCARGABLES, PULSERAS DE IDENTIFICACIoN CODIFICADAS, MAGNeTICAS, PANTALLAS DE DIODOS EMISORES DE LUZ (LED), PANTALLAS DE VISUALIZACIoN DE ViDEO, APARATOS DE CONTROL REMOTO, VIDEO PROYECTORES.', 81),
('MS', '42int', 'SERVICIOS CIENTiFICOS Y TECNOLoGICOS, SERVICIOS DE INVESTIGACIoN Y DISE  O EN ESTOS aMBITOS, DISE  O Y DESARROLLO DE HARDWARE Y SOFTWARE.', 82),
('MP', '9int', 'SOFTWARE DE APLICACIoN MoVIL DESCARGABLE PARA FACILITAR LAS TRANSACCIONES EN LAS REDES DE BLOCKCHAIN (CADENAS DE BLOQUES), SOFTWARE DE APLICACIoN DESCARGABLE DE ORDENADOR PARA FACILITAR LAS TRANSACCIONES EN LAS REDES DE BLOCKCHAIN (CADENAS DE BLOQUES), SOFTWARE DESCARGABLE DE AUTENTICACIoN PARA CONTROLAR EL ACCESO A Y LAS COMUNICACIONES CON LOS ORDENADORES Y LAS REDES DE BLOCKCHAIN (CADENAS DE BLOQUES), SOFTWARE DESCARGABLE DE APLICACIoN MoVIL Y DE ORDENADOR PARA PROCESAR PAGOS ELECTRoNICOS Y TRANSFERIR FONDOS A OTROS O RECIBIR FONDOS DE OTROS EN LAS REDES DE BLOCKCHAIN (CADENAS DE BLOQUES), TARJETAS DE CReDITO CODIFICADAS MAGNeTICAMENTE Y TARJETAS DE IDENTIFICACIoN MAGNeTICAS PARA SER USADAS EN EL PAGO DE SERVICIOS, PROGRAMAS INFORMaTICOS QUE FUNCIONAN COMO INTERFAZ ENTRE UN NAVEGADOR DE INTERNET Y LAS REDES DE BLOCKCHAIN (CADENAS DE BLOQUES), PROGRAMAS INFORMaTICOS DESCARGABLES PARA DESARROLLAR, CREAR, PROBAR, YO AMPLIAR LA FUNCIONALIDAD DE LAS APLICACIONES DISTRIBUIDAS EN LAS REDES DE BLOCKCHAIN (CADENAS DE BLOQUES), PROGRAMAS INFORMaTICOS PARA LA EJECUCIoN Y LA GESTIoN DE TRANSACCIONES DE DATOS SEGURAS EN LAS REDES DE BLOCKCHAIN (CADENAS DE BLOQUES), PROGRAMAS INFORMaTICOS PARA LA GESTIoN DE ACTIVOS EN MONEDA DIGITAL, PROGRAMAS INFORMaTICOS PARA PERMITIR A LOS INVERSORES APOSTAR SUS ACTIVOS DIGITALES CON RETORNO EN PRUEBA DE LA RED DE STAKING (COMPRA Y MANTENIMIENTO DE CRIPTOMONEDAS EN UNA BILLETERA VIRTUAL), VOTAR PARA APOYAR LOS EVENTOS DE GOBERNANZA DE LA RED Y CREAR ACTIVOS DIGITALES. (PRODUCTOS NACIONALES YO EXTRANJEROS).', 83),
('MP', '19int', 'MATERIALES DE CONSTRUCCIoN NO METaLICOS, PARA LA FABRICACIoN DE SOLERAS A BASE DE MINERALES, AGLUTINANTES DE SECADO RaPIDO PARA SOLERAS DE BASE MINERAL, MORTERO.', 84),
('MP', '25int', 'DISTINGUE: CALZADO, VESTIDO Y SOMBRERIA', 85),
('MP', '30int', 'CAFe, Te, CACAO Y SUS SUCEDaNEOS, ARROZ, PASTAS ALIMENTICIAS Y FIDEOS, TAPIOCA Y SAGu, HARINAS Y PREPARACIONES A BASE DE CEREALES, PAN, PRODUCTOS DE PASTELERiA Y CONFITERiA, CHOCOLATE, HELADOS CREMOSOS, SORBETES Y OTROS HELADOS, AZuCAR, MIEL, JARABE DE MELAZA, LEVADURA, POLVOS DE HORNEAR, SAL, PRODUCTOS PARA SAZONAR, ESPECIAS, HIERBAS EN CONSERVA, VINAGRE, SALSAS Y OTROS CONDIMENTOS, HIELO.', 86),
('MP', '3int', 'PRODUCTOS COSMeTICOS Y PREPARACIONES DE TOCADOR NO MEDICINALES, PRODUCTOS DE PERFUMERiA, ACEITES ESENCIALES.', 87),
('MP', '9int', 'ORDENADORES, TELeFONOS CELULARES, LINTERNAS DE SE  ALES, DISPOSITIVOS DE CARGA PARA VEHiCULOS DE MOTOR, DISPOSITIVOS DE CARGA DE BATERiAS, BATERiAS RECARGABLES PARA VEHiCULOS ELeCTRICOS, CARGADOR SOLAR, ENERGiA MoVIL (BATERiA RECARGABLE), TABLETAS ELECTRoNICAS, CARGADORES DE BATERiAS RECARGABLES.', 88),
('NC', '46int', 'EMPRESA DEDICADA A LA REPRESENTACION DE OBRAS MUSICALES Y ARTISTICAS, ASI COMO LA PRODUCCION, PROMOCION, REPRODUCCION, COMPRA, VENTA, CONSIGNACION Y DISTRIBUCION, IMPORTACION, EXPORTACION DE TODO LO QUE SE RELACIONE CON SOPORTES MUSICALES YO AUDIOVISUALES, TALES COMO DISCOS, CINTAS O CUALQUIER OTRO FORMATO, DE IGUAL MANERA DESARROLLAR, PROMOVER, CONTRATAR, REPRESENTAR ARTISTAS Y PRESENTAR EVENTOS ARTISTICOS DE TALENTO EN VIVO. REPRESENTAR FIRMAS NACIONALES O EXTRANJERAS QUE ACTUEN O QUE REPRESENTEN ARTISTAS, CONJUNTOS MUSICALES DE TEATRO O CUALQUIER OTRA NATURALEZA ANALOGA.', 89),
('MP', '6int', 'METALES COMUNES Y SUS ALEACIONES, MATERIALES DE CONSTRUCCIoN Y EDIFICACIoN METaLICOS, CONSTRUCCIONES TRANSPORTABLES METaLICAS, CLAVOS, CABLES E HILOS METaLICOS NO ELeCTRICOS, PEQUE  OS ARTiCULOS DE FERRETERiA METaLICOS, CONTENEDORES METaLICOS DE ALMACENAMIENTO Y TRANSPORTE, CAJAS DE CAUDALES.', 90),
('MP', '6int', 'METALES COMUNES Y SUS ALEACIONES, MATERIALES DE CONSTRUCCIoN Y EDIFICACIoN METaLICOS, CONSTRUCCIONES TRANSPORTABLES METaLICAS, CABLES E HILOS METaLICOS NO ELeCTRICOS, PEQUE  OS ARTiCULOS DE FERRETERiA METaLICOS,CAJAS DE CAUDALES.', 91),
('MS', '43int', 'SERVICIOS DE RESTAURACIoN (ALIMENTACIoN), PREPARAR ALIMENTOS Y BEBIDAS PARA EL CONSUMO, PRESTADOS POR PERSONAS O ESTABLECIMIENTOS, ASi COMO LOS SERVICIOS DE ALOJAMIENTO, ALBERGUE Y ABASTECIMIENTO DE COMIDA EN HOTELES, PENSIONES U OTROS ESTABLECIMIENTOS QUE PROPORCIONEN HOSPEDAJE TEMPORAL.', 92),
('MP', '25int', 'DISTINGUE: CALZADO, VESTIDO Y SOMBRERIA', 93),
('MP', '30int', 'CAFe, Te, CACAO Y SUS SUCEDaNEOS, ARROZ, PASTAS ALIMENTICIAS Y FIDEOS, TAPIOCA Y SAGu, HARINAS Y PREPARACIONES A BASE DE CEREALES, PAN, PRODUCTOS DE PASTELERiA Y CONFITERiA, CHOCOLATE, HELADOS CREMOSOS, SORBETES Y OTROS HELADOS, AZuCAR, MIEL, JARABE DE MELAZA, LEVADURA, POLVOS DE HORNEAR, SAL, PRODUCTOS PARA SAZONAR, ESPECIAS, HIERBAS EN CONSERVA, VINAGRE, SALSAS Y OTROS CONDIMENTOS, HIELO.', 94),
('MP', '11int', 'APARATOS E INSTALACIONES DE DISTRIBUCIoN DE AGUA, INSTALACIONES SANITARIAS, ESPECIALMENTE, GRIFOS, DUCHAS, BA  ERAS, REGADERAS, LAVAMANOS, FREGADEROS, POCETAS, URINARIOS, BIDeS, INODOROS, GRIFOS, GRIFOS MEZCLADORES PARA CONDUCTOS DE AGUA, GENERADORES DE MICROBURBUJAS PARA BA  ERAS,TAZAS DE INODOROS.', 95),
('MS', '41int', 'SERVICIOS DE ENTRETENIMIENTO, ACTIVIDADES DEPORTIVAS Y CULTURALES, FORMACIoN, SERVICIOS DE ESPECTaCULOS Y ENTRETENIMIENTO, ORGANIZACIoN Y DIRECCIoN DE EVENTOS CULTURALES, DEPORTIVOS, Y DE ENTRETENIMIENTO.', 96),
('MP', '28int', 'JUGUETES, ARTiCULOS DE DEPORTE Y DE JUEGO.', 97),
('MS', '37int', 'RECONSTRUCCIoN DE MaQUINAS USADAS O PARCIALMENTE DESTRUIDAS, MANTENIMIENTO Y REPARACIoN DE VEHiCULOS TERRESTRES, LAVADO DE VEHiCULOS, ESTACIONES DE SERVICIO REABASTECIMIENTO DE CARBURANTE Y MANTENIMIENTO, ENGRASE DE VEHiCULOS, SERVICIOS DE RECARGA DE BATERiAS DE VEHiCULOS, MANTENIMIENTO Y REPARACIoN DE VEHiCULOS A MOTOR, SERVICIOS DE CARGA DE BATERiAS PARA VEHiCULOS DE MOTOR, MANTENIMIENTO Y REPARACIoN DE AVIONES, SERVICIOS DE REPARACIoN EN CASO DE AVERiA DE VEHiCULOS, TRATAMIENTO CONTRA LA HERRUMBRE, RECAUCHUTADO DE NEUMaTICOS, REPARACIoN DE LLANTAS DE GOMA, VULCANIZACIoN DE NEUMaTICOS (REPARACIoN), INSTALACIoN Y REPARACIoN DE ALARMAS ANTIRROBO.', 98),
('MP', '20int', 'SILLAS ASIENTOS, MESAS, MESAS DE MECANOGRAFiA, ESTANTES DE ALMACENAMIENTO, CABALLETES MUEBLES, MUEBLES, CAJAS DE MADERA O DE MATERIAS PLaSTICAS, BANCOS DE TRABAJO, PLACAS DE IDENTIFICACIoN NO METaLICAS, COJINES.', 99),
('MP', '5int', 'COMPLEMENTO ALIMENTICIO PARA ANIMALES (NUTRIT YEAST)', 100),
('NC', '46int', 'Produccion, distribucion y comercializacion de gases industrialesmedicinales, valvulas y cilindros, tanques.', 101),
('MP', '10int', 'Cateteres con agujas quirurgicas para la administracion de medicamentos, bombas y tubos de infusion.', 102),
('MS', '36int', 'SERVICIOS DE SEGUROS, OPERACIONES FINANCIERAS, MONETARIAS, NEGOCIOS INMOBILIARIOS.', 103),
('MP', '5int', 'PREPARACIONES PARA LA DESTRUCCIoN DE PARaSITOS, FUNGICIDAS, HERBICIDAS, INSECTICIDAS, NEMATICIDAS, BIOINSECTICIDAS, BIOFUNGICIDAS, BIONEMATICIDAS, BIOHERBICIDAS, AGENTES DE CONTROL BIOLoGICO PARA USO EN AGRICULTURA PARA EL CONTROL DE ENFERMEDADES FuNGICAS Y BACTERIANAS, PLAGAS, NEMATODOS Y MALAS HIERBAS, PREPARACIONES PARA REPELER ANIMALES, AVES E INSECTOS, PRODUCTOS BIOLoGICOS Y PREPARACIONES A PARTIR DE MICROORGANISMOS, EXTRACTOS BOTaNICOS Y MINERALES PARA EL BIOCONTROL DE PLAGAS Y AGENTES PAToGENOS.', 104),
('MS', '35int', 'PUBLICIDAD, GESTION, ORGANIZACION Y ADMINISTRACION DE NEGOCIOS COMERCIALES, TRABAJOS DE OFICINA.', 105),
('MS', '35int', 'Publicidad, gestion de negocios comerciales, administracion comercial, trabajos de oficina, relaciones publicas, contratacion de personal, vallas publicitarias, distribucion de propaganda, muestras publicitarias.', 106),
('MP', '10int', 'Anillos de denticion, sujetadores para chupetes, mascaras sanitarias, mascaras protectoras para fines medicos, chupetes para bebes, vendas de apoyo, vendas, elasticas, medias para varices, muletas, biberones, tapones para los oidos dispositivos de proteccion auditiva, bastones para fines medicos, cinturones para fines medicos, calzado ortopedico, copas menstruales, cojines para fines medicos, raspadores de lengua, curetas para los oidos, eslingas vendas de soporte, sillones para fines medicos o dentales, guantes para fines medicos, guantes para masajes, juguetes sexuales, lamparas para fines medicos, mu  ecas de amor mu  ecas sexuales, preservativos , sacaleches, estuches de instrumentos para uso medico, prendas de compresion, dispositivos de vibromasaje (Productos nacionales yo extranjeros).', 107),
('MS', '43int', 'Servicios de restauracion, hospedaje temporal.', 108),
('MP', '9int', 'LOS PROGRAMAS INFORMaTICOS Y EL SOFTWARE DE TODO TIPO, INDEPENDIENTEMENTE DE SU SOPORTE DE GRABACIoN O MEDIO DE DIFUSIoN, INCLUIDO EL SOFTWARE GRABADO EN SOPORTES MAGNeTICOS O DESCARGADO EN UNA RED INFORMaTICA REMOTA.', 109),
('MP', '3int', 'PRODUCTOS COSMeTICOS Y DE TOCADOR NO MEDICINALES, DENTiFRICOS NO MEDICINALES, PERFUMERiA, ACEITES ESENCIALES, PREPARACIONES PARA BLANQUEAR Y OTRAS SUSTANCIAS PARA LAVAR LA ROPA, PREPARACIONES PARA LIMPIAR, PULIR, DESENGRASAR Y RASPAR', 110),
('MP', '5int', 'PRODUCTOS FARMACeUTICOS, PREPARACIONES PARA USO MeDICO Y VETERINARIO, PRODUCTOS HIGIeNICOS Y SANITARIOS PARA USO MeDICO, TOALLAS SANITARIOS, ALIMENTOS Y SUSTANCIAS DIETeTICAS PARA USO MeDICO O VETERINARIO, ALIMENTOS PARA BEBeS, SUPLEMENTOS ALIMENTICIOS PARA PERSONAS O ANIMALES, EMPLASTOS, MATERIAL PARA APoSITOS, MATERIAL PARA EMPASTES E IMPRESIONES DENTALES, DESINFECTANTES, PRODUCTOS PARA ELIMINAR ANIMALES DA  INOS, FUNGICIDAS, HERBICIDAS.', 111),
('MP', '7int', 'MaQUINAS, MaQUINAS HERRAMIENTAS Y HERRAMIENTAS MECaNICAS, MOTORES, EXCEPTO MOTORES PARA VEHiCULOS TERRESTRES, ACOPLAMIENTOS Y ELEMENTOS DE TRANSMISIoN, EXCEPTO PARA VEHiCULOS TERRESTRES, INSTRUMENTOS AGRiCOLAS QUE NO SEAN HERRAMIENTAS DE MANO QUE FUNCIONAN MANUALMENTE, INCUBADORAS DE HUEVOS, DISTRIBUIDORES AUTOMaTICOS.', 112),
('MP', '29int', 'Leche, quesos, mantequilla, yogurt y otros productos lacteos, aceites y grasas para uso alimenticio.', 113),
('MP', '30int', 'CAFe, Te, CACAO, AZuCAR, ARROZ, TAPIOCA, SAGu, SUCEDaNEOS DEL CAFe, HARINAS Y PREPARACIONES HECHAS DE CEREALES, PAN, PASTELERiA Y CONFITERiA, HELADOS COMESTIBLES, MIEL, PANELA DE CA  A DE AZuCAR, JARABE DE MELAZA, LEVADURA, POLVOS PARA ESPONJAR, SAL, MOSTAZA, VINAGRE, SALSAS (CONDIMENTOS), ESPECIAS, HIELO.', 114),
('MS', '35int', 'Servicios de venta al por menor en linea de prendas de vestir, calzado, sombrereria, articulos deportivos y accesorios, Servicios de venta al por menor de prendas de vestir, calzado, sombrereria, articulos deportivos y accesorios, Servicios de venta al por menor en linea de productos virtuales, a saber, prendas de vestir, calzado, sombrereria, articulos deportivos y accesorios para su uso en mundos virtuales en linea, Servicios de venta al por menor de productos virtuales, a saber, prendas de vestir, calzado, sombrereria, articulos deportivos y accesorios para su uso en mundos virtuales en linea.', 115),
('MP', '30int', 'CAFe, Te, CACAO Y SUCEDaNEOS DEL CAFe, ARROZ, PASTAS ALIMENTICIAS Y FIDEOS, TAPIOCA Y SAGu, HARINAS Y PREPARACIONES A BASE DE CEREALES, PAN, PRODUCTOS DE PASTELERiA Y CONFITERiA, CHOCOLATE, HELADOS CREMOSOS, SORBETES Y OTROS HELADOS, AZuCAR, MIEL, JARABE DE MELAZA, LEVADURA, POLVOS DE HORNEAR, SAL, PRODUCTOS PARA SAZONAR, ESPECIAS, HIERBAS EN CONSERVA, VINAGRE, SALSAS Y OTROS CONDIMENTOS, HIELO.', 116),
('MS', '38int', 'SERVICIOS DE TELECOMUNICACIONES.', 117),
('MP', '16int', 'COMPRENDE PRINCIPALMENTE EL PAPEL, LOS PRODUCTOS DE PAPEL Y LOS ARTiCULOS DE OFICINA.', 118),
('MP', '9int', 'APARATOS PARA GASOLINERAS, ALARMAS DE FUGAS DE GAS, INTERRUPTORES DE CIRCUITOS DE ALTO VOLTAJE, SOFTWARE DE AUTOMATIZACIoN DE FaBRICAS, SOFTWARE DE COMPUTADORA PARA SISTEMA DE GESTIoN DE ENERGiA INDUSTRIAL, ROBOTS HUMANOIDES CON INTELIGENCIA ARTIFICIAL PARA SU USO EN INVESTIGACIoN CIENTiFICA, MoDULOS SOLARES FOTOVOLTAICOS, SOFTWARE EDUCATIVO, PROTECTORES CONTRA SOBRETENSIONES, ARCHIVOS DE DATOS REGISTRADOS, PROGRAMAS DE APLICACIoN INTELIGENTE PARA TERMINALES DE GRABACIoN INALaMBRICA, APLICACIONES DE SOFTWARE DE GESTIoN DE BASES DE DATOS DESCARGABLES, LIBROS DIGITALES DE INTERNET DESCARGABLES, PROGRAMAS DE APLICACIONES INTELIGENTES PARA TERMINALES INALaMBRICOS DESCARGABLES, PROGRAMA INFORMaTICO DESCARGABLE PARA LA GESTIoN DE DIRECCIONES, PUBLICACIONES ELECTRoNICAS, DESCARGABLES, SOFTWARE DE JUEGOS DE COMPUTADOR DESCARGABLE, PROGRAMAS DE JUEGOS DE ORDENADOR DESCARGABLES, PROGRAMAS INFORMaTICOS PARA GESTIoN DE RED, SOFTWARE INFORMaTICO INTERACTIVO, SOFTWARE DE COMPUTADORA Y PLATAFORMAS PARA RECOPILACIoN, PROCESAMIENTO, ANaLISIS, ALMACENAMIENTO E INTEGRACIoN DE DATOS, SOFTWARE DE COMPUTADORA PARA PROCESAMIENTO DE DATOS, APARATOS DE PROCESAMIENTO DE DATOS, SOFTWARE DE APLICACIoN PARA BASES DE DATOS, ALARMAS ANTIRROBOS QUE NO SEAN PARA VEHiCULOS, PANELES DE CONTROL DE ENERGiA, SOFTWARE DE COMPUTADORA PARA EL PROCESAMIENTO IMaGENES DIGITALES, SOFTWARE PARA CONTROLAR ROBOTS, SOFTWARE DE RECONOCIMIENTO DE GESTOS, SOFTWARE DE COMPUTADORA PARA LA ENTREGA DE CONTENIDO INALaMBRICO, MoDULOS FOTOVOLTAICOS PARA LA GENERACIoN DE ELECTRICIDAD, MaQUINAS DE DISTRIBUCIoN DE ENERGiA ELeCTRICA, TABLEROS DE DISTRIBUCIoN, TRANSFORMADORES DE DISTRIBUCIoN DE POTENCIA, BATERiAS, ARRANCADORES DE BATERiA, APARATO DE ALMACENAMIENTO DE ENERGiA COMPUESTO POR BATERiAS, PAQUETES DE BATERiAS, TRANSFORMADORES, TRANSDUCTORES ELeCTRICOS, ROBOTS DE VIGILANCIA DE SEGURIDAD, INSTRUMENTOS DE CONTROL DE CALDERAS, REACTORES DE DERIVACIoN, SOFTWARE DE COMPUTADORA PARA LA CONSTRUCCIoN SISTEMA DE GESTIoN DE ENERGiA, SOFTWARE DE CONTROL DE PROCESOS INDUSTRIALES, SOFTWARE DE COMPUTADORA PARA EL SEGUIMIENTO Y CONTROL DE EQUIPOS INDUSTRIALES, SOFTWARE DE COMPUTADORA PARA OPTIMIZACIoN DE INSTALACIONES INDUSTRIALES, MoDULO DE ENTRADA Y SALIDA DE DATOS PARA INSTRUMENTO INDUSTRIALES AUTOMaTICOS, APARATOS DE RECOLECCIoN DE DATOS PARA INSTRUMENTOS AUTOMaTICOS INDUSTRIALES, APARATOS DE CONTROL REMOTO PARA INSTRUMENTOS DE AUTOMATIZACIoN INDUSTRIAL, MONITOR DE COMPUTADORA PARA INSTRUMENTOS INDUSTRIALES AUTOMaTICOS, CUADROS DE DISTRIBUCIoN (TABLEROS) PARA BARCOS, TRANSFORMADORES PARA BARCOS, SOFTWARE INFORMaTICO PARA BARCOS, EXTINTORES DE INCENDIOS, SOFTWARE DE APLICACIoN PARA TELEVISORES INTELIGENTES, SOFTWARE DE APLICACIONES PARA TELeFONOS INTELIGENTES, TELeFONOS INTELIGENTES EN FORMA DE RELOJ, ROBOTS DE LABORATORIO, RESTRICCIONES DE SEGURIDAD, SISTEMAS DE SUJECIoN DE SEGURIDAD, QUE NO SEAN PARA ASIENTOS DE VEHiCULOS Y EQUIPO DEPORTIVO, SOFTWARE INFORMaTICO PARA LA INTEGRACIoN DE APLICACIONES Y BASES DE DATOS, SOFTWARE INFORMaTICO PARA SISTEMAS DE ALMACENAMIENTO DE ENERGiA, SOFTWARE DE COMPUTADORA PARA APARATOS DE ALMACENAMIENTO DE ENERGiA, SENSORES PARA MOTORES, CELDAS DE COMBUSTIBLE, SOFTWARE PARA EL PROCESAMIENTO DE IMaGENES, GRaFICOS Y TEXTO, SOFTWARE DE COMPUTADORA PARA TRANSMITIR, DIFUNDIR AUDIO, VIDEO Y CONTENIDOS MULTIMEDIA, APARATOS DE CONTROL REMOTO, INYECTORES DE ACEITE, APLICACIoN DE COMPUTADORA SOFTWARE PARA MENSAJES DE VOZ, SOFTWARE DE COMPUTADORA PARA DIAGNOSTICAR ENFERMEDADES CON PROPoSITOS MeDICOS, SOFTWARE PARA SU USO EN SISTEMAS DE APOYO A DECISIONES MeDICAS, SOFTWARE DE JUEGOS ELECTRoNICOS PARA TELeFONOS MoVILES, SOFTWARE DE APLICACIONES INFORMaTICAS PARA MoVILES, INVERSORES, TARJETAS DE CReDITO MAGNeTICAS, SOFTWARE PARA CONTROLAR LA AUTOMATIZACIoN INSTRUMENTOS, REACTORES ELeCTRICOS, APARATOS E INSTRUMENTOS PARA ACUMULAR Y ALMACENAMIENTO DE ELECTRICIDAD, CALCULADORAS ELeCTRICAS, APARELLAJE ELeCTRICO, APARATOS DE CONTROL DE VIGILANCIA ELeCTRICA, MaQUINAS EXPENDEDORAS ELeCTRICAS QUE NO SEAN MaQUINAS EXPENDEDORAS DE APLICACIONES ELECTRoNICAS, DISPOSITIVOS DE CONTROL ELeCTRICO, CABLES ELeCTRICOS, ALAMBRES, CONDUCTORES Y ACCESORIOS DE CONEXIoN PARA LOS MISMOS, FUENTES DE ALIMENTACIoN ELECTRoNICAS, APARATOS DE SISTEMA DE TRANSPORTE DE ELECTRICIDAD, APARATOS PARA EL DIAGNoSTICO DE INSTALACIONES DE ENERGiA ELeCTRICA, DISPOSITIVOS PARA CONTROL DE POTENCIA, LLAVES ELECTRoNICAS, SISTEMAS DE CONTROL ELECTRoNICO, BATERiAS ELeCTRICAS, BATERiAS ELeCTRICAS Y CARGADORES DE BATERiAS, RECTIFICADORES DE CORRIENTE, INTERRUPTORES DE CIRCUITO DE MEDIA Y BAJA TENSIoN, INTERRUPTORES DE CIRCUITO, BATERiAS DE ALMACENAMIENTO ELeCTRICO, DISPOSITIVOS DE CARGA DE BATERiAS, INSTRUMENTOS DE MEDICIoN, PROGRAMAS DE JUEGOS DE COMPUTADORA, PLATAFORMAS DE SOFTWARE INFORMaTICO, SOFTWARE INFORMaTICO PARA MANTENER Y HACER FUNCIONAR SISTEMAS INFORMaTICOS, SOFTWARE DE SISTEMA DE COMPUTADORA, SOFTWARE DE APLICACIONES INFORMaTICAS, SOFTWARE PROTECTOR DE PANTALLA DE COMPUTADORA, MaQUINAS DE TARJETAS DE CReDITO, MANoMETROS PARA NEUMaTICOS, SENSOR DE PRESIoN DE NEUMaTICOS, PLACAS PARA CeLULAS SOLARES, MoDULOS SOLARES, SOPORTES PARA MoDULOS SOLARES, SOFTWARE DE COMPUTADORA PARA GENERACIoN DE ENERGiA SOLAR, COLECTORES SOLARES, SENSORES AUTOMaTICOS DE SEGUIMIENTO SOLAR, APARATO PARA MEDIR LA EFICIENCIA DE LAS CeLULAS SOLARES Y LA CORRIENTE ELeCTRICA, INVERSORES, CONVERTIDORES PARA GENERACIoN DE ENERGiA SOLAR, SOPORTES DE INVERSORES PARA LA GENERACIoN DE ENERGiA SOLAR, CONECTORES ELeCTRICOS PARA GENERACIoN DE ENERGiA SOLAR, APARATOS PARA INSPECCIONAR INSTALACIONES DE GENERACIoN DE ENERGiA SOLAR, CONVERTIDORES DIRECTOS DE ENERGiA SOLAR, DISPOSITIVOS DE ALMACENAMIENTO DE ENERGiA SOLAR, BATERiAS SOLARES, PANELES DE CeLULAS SOLARES, SOFTWARE DE COMPUTADORA PARA MEJORAR LAS CAPACIDADES AUDIOVISUALES DE APLICACIONES MULTIMEDIA, ESPECIALMENTE, PARA LA INTEGRACIoN DE TEXTO, AUDIO, GRaFICOS, IMaGENES E IMaGENES EN MOVIMIENTO, ROBOTS DE TELEPRESENCIA, EQUIPO DE COMUNICACIONES, CONECTORES PARA ENCHUFAR, CAMBIADORES DE EFECTIVO, SOFTWARE DE COMPUTADORA PARA COMUNICARSE CON USUARIOS DE DISPOSITIVOS PORTaTILES.', 120),
('MP', '25int', 'PRENDA DE VESTIR,CALZADO,GORRA Y SOMBRERIA', 121),
('MS', '35int', 'COMPRENDE PRINCIPALMENTE LOS SERVICIOS QUE IMPLICAN LA GESTIoN, LA EXPLOTACIoN, LA ORGANIZACIoN Y LA ADMINISTRACIoN COMERCIAL DE UNA EMPRESA COMERCIAL O INDUSTRIAL, ASi COMO LOS SERVICIOS DE PUBLICIDAD, MARKETING Y PROMOCIoN. EN CONCLUSIoN, COMPRENDE LOS SERVICIOS PARA EL AGRUPAMIENTO, POR CUENTA DE TERCEROS, DE UNA AMPLIA GAMA DE PRODUCTOS, EXCEPTO SU TRANSPORTE, PARA QUE LOS CONSUMIDORES PUEDAN VERLOS Y ADQUIRIRLOS CON COMODIDAD, ESTOS SERVICIOS PUEDEN SER PRESTADOS POR COMERCIOS MINORISTAS O MAYORISTAS, DISTRIBUIDORES AUTOMaTICOS, CATaLOGOS DE VENTA POR CORRESPONDENCIA O MEDIOS DE COMUNICACIoN ELECTRoNICOS TALES COMO SITIOS WEB O PROGRAMAS DE TELEVENTA.', 122),
('MS', '35int', 'Servicios de publicidad, gestion, organizacion y administracion de negocios comerciales en las areas de venta, comercializacion y promocion de productos de perfumeria y cosmeticos, incluyendo perfumes, aguas de colonias, maquillaje, cremas, productos de tocador, cosmeticos perfumados, jabones y cremas para el cuidado de la cara y el cuerpo, trabajos de oficina, servicios de ventas al detal o al por menor (tiendas minoristas) de perfumes y cosmeticos, incluyendo perfumes, aguas de colonias, maquillaje, cremas, productos de tocador, cosmeticos perfumados, jabones y cremas para el cuidado de la cara y el cuerpo, servicios de venta al detal o al por menor en linea de perfumes y cosmeticos, incluyendo perfumes, aguas de colonias, maquillaje, cremas, productos de tocador, cosmeticos perfumados, jabones y cremas para el cuidado de la cara y el cuerpo, servicios de franquicias, incluidas franquicias de tiendas y comercios minoristas, servicios prestados por un franquiciador, en concreto asistencia en la explotacion o gestion de empresas industriales o comerciales, asistencia en la direccion de negocios, consultoria en la organizacion de negocios, servicios de promocion, comercializacion y ventas de productos y servicios de terceros mediante la distribucion de material impreso y concursos de promocion, consultoria en la organizacion de negocios, servicios de venta por correspondencia, ventas en linea o a traves de una red global de computadoras y venta en reuniones en domicilios particulares.', 123),
('MP', '31int', 'Productos agricolas, acuicolas, horticolas y forestales en bruto y sin procesar, granos y semillas en bruto o sin procesar, frutas y verduras, hortalizas y legumbres frescas, hierbas aromaticas frescas, plantas y flores naturales, bulbos, plantones y semillas para plantar, animales vivos, productos alimenticios y bebidas para animales, malta', 124),
('MP', '1int', 'Productos quimicos para la industria, la ciencia y la fotografia, asi como para la agricultura, la horticultura y la silvicultura, resinas artificiales en bruto, materias plasticas en bruto, composiciones para la extincion de incendios y la prevencion de incendios, preparaciones para templar y soldar metales, sustancias para curtir cueros y pieles de animales, adhesivos (pegamentos) para la industria, masillas y otras materias de relleno en pasta, compost, abonos, fertilizantes, preparaciones biologicas para la industria y la ciencia.', 125),
('MP', '5int', 'FORMULACIONES BACTERIANAS PROBIoTICAS PARA USO VETERINARIO Y PARA SUPLEMENTOS DIETeTICOS PARA ANIMALES.', 126),
('MP', '3int', 'PERFUMERiA. CoSMETICOS, ACEITES ESENCIALES, JABONES COSMeTICOS, SPLASH.', 127),
('NC', '46int', 'ESTABLECIMIENTO COMERCIAL DEDICADO A LA VENTA, FABRICACIoN, COMERCIALIZACIoN, DISTRIBUCIoN, EXPENDIO EN GENERAL DE ALIMENTOS Y BEBIDAS.', 128),
('MP', '12int', 'MOTOCICLETAS.', 129),
('LC', '47int', 'LEMA COMERCIAL APLICADO A LA MARCA BEVERLY, INSCRITA BAJO EL N   2023002668, EN CLASE 31.', 130),
('MP', '29int', 'Hortalizas y legumbres en conserva, congeladas, secas y cocidas, jaleas.', 131),
('NC', '46int', 'UNA SOCIEDAD MERCANTIL DEDICADA A LA EXPLOTACIoN EN TODAS SUS FORMAS DEL RAMO INMOBILIARIO, COMPRA VENTA DE BIENES RAiCES, INVERSIONES DE TODO TIPO, INTERMEDIACIONES FINANCIERAS, CONSTRUCCIONES, PLANIFICACIoN Y VENTA, INVERSIONES EN BIENES RAiCES, ASi COMO LA PROMOCIoN, ORGANIZACIoN Y DESARROLLO DE NUEVAS EMPRESAS PARA LA PRODUCCIoN DE BIENES Y SERVICIOS, SERVICIOS DE ARRENDAMIENTO INMOBILIARIO, REPRESENTACIoN O AGENCIA DE OTRAS FIRMAS O PERSONAS NACIONALES O EXTRANJERAS.', 132),
('MP', '9int', 'TRANSFORMADORES DE VOLTAJE, ACONDICIONADORES DE ENERGiA, UNIDADES DE POTENCIA BATERiAS, DISTRIBUIDORES DE ENERGiA ELeCTRICA, CONVERTIDORES ELeCTRICOS, APARATOS DE ALMACENAMIENTO DE ELECTRICIDAD, APARATOS E INSTRUMENTOS PARA ACUMULAR ELECTRICIDAD, APARATOS E INSTRUMENTOS PARA TRANSFORMAR ELECTRICIDAD, DISPOSITIVOS ELeCTRICOS DE CONTROL PARA LA GESTIoN DE LA ENERGiA, APARATOS E INSTRUMENTOS PARA ACUMULAR Y ALMACENAR ELECTRICIDAD, DISPOSITIVOS DE CARGA DE BATERiAS PARA VEHiCULOS DE MOTOR.', 133),
('MP', '30int', 'Preparaciones hechas a base de cereal, pan, pasteles y galletas, bebidas a base de chocolate.', 134),
('MP', '5int', 'PRODUCTOS FARMACEUTICOS, USO VETERINARIO, FUNGICIDAS, Y HERBICIDAS.', 135),
('MP', '30int', 'CAFE Y SUCEDANEOS DEL CAFE.', 136),
('MP', '30int', 'CAFe, BEBIDAS A BASE DE CAFe, BEBIDAS A BASE DE Te, Te, AZuCAR, MELAZA PARA LA ALIMENTACIoN, PASTELERiA, PUDINES, SUSHI, PREPARACIONES DE CEREALES, FIDEOS, APERITIVOS A BASE DE CEREALES, ALMIDoN PARA LA ALIMENTACIoN, HELADOS, CONDIMENTOS, LEVADURA, PREPARACIONES AROMaTICAS PARA LA ALIMENTACIoN, PREPARACIONES PARA ENDURECER LA NATA MONTADA, ABLANDADORES DE CARNE CON FINES CULINARIOS, GLUTEN PREPARADO COMO PRODUCTO ALIMENTICIO.', 137),
('MP', '29int', 'ACEITES Y GRASAS COMESTIBLES, MARGARINAS', 138),
('MS', '41int', 'ADMINISTRACIoN DE JUEGOS DE LOTERiAS, SERVICIOS DE JUEGOS INFORMaTICOS EN LINEA.', 139),
('MS', '44int', 'ASESORAMIENTO EN MATERIA DE FARMACIA, PREPARACIoN DE RECETAS MEDICAS POR FARMACeUTICOS.', 140),
('MS', '35int', 'Servicios de publicidad, servicios de gestion, organizacion y administracion de negocios comerciales en las areas agricola y pecuaria, incluyendo gestion, organizacion y administracion de negocios en las areas de siembra de productos del reino vegetal, cultivo y cosecha de productos alimenticios, asi como de comercializacion y venta al detal de agua de manantial, semillas, frutas, hortalizas, tuberculos, huevos, productos lacteos incluyendo leche, queso, mantequilla, ganado en pie y por cortes, carne vacuna, carne porcina, de caza y de ave, servicios de venta minorista (al detal) y servicios de ventas al mayor de toda clase de productos alimenticios, incluyendo frutas, productos lacteos, hortalizas, productos lacteos incluyendo leche, queso, mantequilla, carnes vacuna, porcina y de ave, carne de caza, servicios de venta minorista de agua de manantial, mineral o gasificada, servicios de promocion, mercadeo, comercializacion y venta de productos agricolas o pecuarios, incluyendo, semillas para viveros, plantas y otros productos agricolas, servicios de consultoria sobre direccion de negocios, servicios de consultoria sobre organizacion de negocios, servicios de consultoria profesional sobre negocios comerciales, servicios de consultoria en estrategias de comunicacion relaciones publicas, trabajos de oficina.', 141),
('LC', '47int', 'LEMA COMERCIAL APLICADO A LA SOLICITUD 2023003469', 142),
('MP', '29int', 'CARNE, PESCADO, CARNE DE AVE Y CARNE DE CAZA, EXTRACTOS DE CARNE, FRUTAS Y VERDURAS, HORTALIZAS Y LEGUMBRES EN CONSERVA, CONGELADAS, SECAS Y COCIDAS, JALEAS, CONFITURAS, COMPOTAS, HUEVOS, LECHE, QUESOS, MANTEQUILLA, YOGUR Y OTROS PRODUCTOS LaCTEOS, ACEITES Y GRASAS PARA USO ALIMENTICIO.', 143),
('MP', '25int', 'ROPA, FRANELAS, CAMISAS, VESTIDOS.', 144),
('MS', '35int', 'Servicios de asistencia y consultoria en el ambito de la gestion empresarial de empresas del sector energetico, Adquisicion de contratos relativos al suministro de energia, Servicios de consultoria de gestion y servicios de consultoria empresarial en el ambito de la energia procedente de fuentes renovables, Servicios de venta al por menor relativos a baterias y sistemas de almacenamiento de energia y baterias fuera de la red, Servicios de adquisicion para terceros (compra de bienes y servicios para otras empresas) en el ambito de la adquisicion de energia y almacenamiento en baterias, Adquisicion de transacciones comerciales y contratos para terceros en el ambito del almacenamiento de energia y baterias, incluida la adquisicion de contratos relativos a la capacidad de almacenamiento de energia, almacenamiento de energia en redes de suministro y capacidades de almacenamiento para terceros, Gestion comercial para terceros relativa a dispositivos e instalaciones que almacenan energia electrica.', 145),
('LC', '47int', 'LEMA COMERCIAL APLICADO A LA MARCA DE PRODUCTO ALUMWARE MASTERCHEF (DISE  O) SOLICITUD DE REGISTRO NRO 20229588', 146),
('LC', '47int', 'LEMA COMERCIAL APLICADO A LA MARCA DE PRODUCTO ALUMWARE MASTERBAKER (DISE  O) SOLICITUD DE REGISTRO NRO 20229589.', 147),
('MP', '30int', 'CAFe.', 148),
('MP', '9int', 'PUBLICACIONES ELECTRoNICAS DESCARGABLES DEL CARaCTER DE REVISTAS EN EL AMBITO DE LOS VIAJES.', 149),
('MP', '24int', 'TODA CLASE DE TEXTILES NO TEJIDOS COMPRENDIDOS EN ESTA CLASE, TELAS NO TEJIDAS.', 150),
('MP', '30int', 'Cafe, te, cacao y sus sucedaneos, arroz, pastas alimenticias y fideos, tapioca y sagu, harinas y preparaciones a base de cereales, pan, productos de pasteleria y confiteria, chocolate, helados cremosos, sorbetes y otros helados, miel, jarabe de melaza, especias, hierbas en conserva, salsas y otros condimentos.', 151),
('MP', '29int', 'CARNE, PESCADO, CARNE DE AVE Y CARNE DE CAZA, EXTRACTOS DE CARNE.', 152),
('MP', '3int', 'PREPARACIONES PARA BLANQUEAR Y OTRAS SUSTANCIAS PARA LAVAR LA ROPA, PREPARACIONES PARA LIMPIAR, PULIR, DESGRASAR Y RASPAR, ALMIDoN, AZULILLO, JABONES, PRODUCTOS DE PERFUMERiA, ACEITES ESENCIALES, COSMeTICOS, LOCIONES CAPILARES, DENTiFRICOS. U  AS ACRiLICAS Y POSTIZAS. TOALLAS HuMEDAS IMPREGNADAS CON LOCIONES COSMeTICAS. (PRODUCTOS NACIONALES YO EXTRANJEROS)', 153),
('NC', '46int', 'TODO LO RELACIONADO CON LA TRANSFORMACIoN, ELABORACIoN, EMPACADO, COMERCIALIZACIoN DE ALIMENTOS, LaCTEOS Y TODOS SUS DERIVADOS ASi COMO EMBUTIDOS, ALIMENTOS PROCESADOS Y PRODUCTOS CaRNICOS, DE IGUAL FORMA LA VENTA DE UTENSILIOS E INGREDIENTES PARA LA PREPARACIoN DE PARRILLA Y ASADOS, PRESTACIoN DE SERVICIO DE ASESORiAS TeCNICAS, TALLERES PRaCTICOS, RESTAURANTE, EVENTOS PuBLICOS Y PRIVADOS, CATERING Y DEMaS ACTIVIDADES CONEXAS AL OBJETO.', 154),
('MP', '1int', 'ADITIVOS, PRODUCTOS QUiMICOS Y BIOLoGICOS DESTINADOS A LA INDUSTRIA ALIMENTARIA.', 155),
('MP', '12int', 'MOTOCICLETAS, MOTONETAS Y CUATRIMOTOS.', 156),
('MP', '18int', 'MOCHILAS, BOLSOS DE MANO, EQUIPAJE, MONEDEROS, PARAGUAS, CARTERAS, BOLSAS DE VIAJE DE LONA, ESTUCHES DE LLAVES, BOLSAS DE DEPORTE, BOLSAS DE MERCADO, BOLSOS DE VIAJE.', 157),
('MP', '16int', 'PRODUCTOS DE IMPRENTA, PUBLICACIONES IMPRESAS, REVISTAS, PERIoDICOS, DIARIOS, LIBROS, MATERIAL DE ENCUADERNACIoN, ARTiCULOS DE PAPELERiA, ARTiCULOS DE OFICINA, OBRAS DE ARTE Y FIGURAS DE PAPEL Y CARToN Y MAQUETAS DE ARQUITECTOS, GRABADOS ARTiSTICOS, OBRAS DE ARTE DE PAPEL, PINCELES, PINTURAS, EQUIPOS Y MATERIALES PARA ARTE, MANUALIDADES Y MODELISMO, EMBALAJES PARA REGALO, MATERIALES DE EMBALAJE, BOLSAS DE PAPEL, CARToN O PLaSTICO PARA EMBALAJE, ARTiCULOS DE PAPEL, CARToN O PLaSTICO PARA EMBALAJE, TARJETAS, CUADERNOS, AGENDAS PERSONALES, ADHESIVOS PARA LA PAPELERiA O DE USO DOMeSTICO, FOTOGRAFiAS, MATERIAL DE INSTRUCCIoN O DE ENSE  ANZA, MATERIALES PLaSTICOS PARA ENVOLVER Y EMBALAR, CAJAS DE PAPEL, CARToN O PLaSTICO PARA EMBALAJE, INSIGNIAS DE PAPEL, CALCOMANiAS, SERVILLETAS DE PAPEL, CARTELES, PAPEL PARA ENVOLVER (PRODUCTOS NACIONALES YO EXTRANJEROS).', 158),
('MP', '2int', 'PINTURA, REVESTIMIENTO DE SUPERFICIES, PINTURAS, BARNICES, LACAS, PRODUCTOS CONTRA LA HERRUMBRE RESINAS COLORANTES.', 159),
('MP', '29int', 'CARNE, PESCADO, CARNE DE AVE Y CARNE DE CAZA, EXTRACTOS DE CARNE, FRUTAS Y VERDURAS, HORTALIZAS Y LEGUMBRES EN CONSERVA, CONGELADAS, SECAS Y COCIDAS, JALEAS, CONFITURAS, COMPOTAS, HUEVOS, LECHE, QUESOS, MANTEQUILLA, YOGUR Y OTROS PRODUCTOS LaCTEOS, ACEITES Y GRASAS PARA USO ALIMENTICIO.', 160),
('MP', '14int', 'RELOJERiA Y ARTiCULOS DE RELOJERiA, TALES COMO RELOJES, RELOJES DE PULSERA, COMPONENTES PARA RELOJERiA Y ARTiCULOS DE RELOJERiA Y ACCESORIOS PARA RELOJERiA Y ARTiCULOS DE RELOJERiA NO COMPRENDIDOS EN OTRAS CLASES, RELOJES Y OTROS INSTRUMENTOS CRONOMeTRICOS, CRONoMETROS, CRONoGRAFOS (RELOJ Y RELOJERiA), PULSERAS DE RELOJ, CORREAS DE RELOJ, ESFERAS (RELOJ Y RELOJERiA), CAJAS Y ESTUCHES DE PRESENTACIoN PARA RELOJES, RELOJERiA Y JOYERiA, MECANISMOS DE RELOJERiA Y SUS PARTES, JOYERiA, PIEDRAS PRECIOSAS Y SEMIPRECIOSAS, METALES PRECIOSOS Y SUS ALEACIONES, ALFILERES (JOYERiA).', 161),
('MP', '5int', 'PRODUCTOS FARMACeUTICOS, PREPARACIONES PARA USO MeDICO Y VETERINARIO, PRODUCTOS HIGIeNICOS Y SANITARIOS PARA USO MeDICO, ALIMENTOS Y SUSTANCIAS DIETeTICAS PARA USO MeDICO O VETERINARIO, ALIMENTOS PARA BEBeS, SUPLEMENTOS ALIMENTICIOS PARA PERSONAS O ANIMALES, EMPLASTOS, MATERIAL PARA APoSITOS, MATERIAL PARA EMPASTES E IMPRESIONES DENTALES, DESINFECTANTES, PRODUCTOS PARA ELIMINAR ANIMALES DA  INOS, FUNGICIDAS, HERBICIDAS.', 162),
('MP', '5int', 'PRODUCTOS FARMACeUTICOS, PREPARACIONES PARA USO MeDICO Y VETERINARIO, PRODUCTOS HIGIeNICOS Y SANITARIOS PARA USO MeDICO, ALIMENTOS Y SUSTANCIAS DIETeTICAS PARA USO MeDICO O VETERINARIO, ALIMENTOS PARA BEBeS, SUPLEMENTOS ALIMENTICIOS PARA PERSONAS O ANIMALES, EMPLASTOS, MATERIAL PARA APoSITOS, MATERIAL PARA EMPASTES E IMPRESIONES DENTALES, DESINFECTANTES, PREPARACIONES PARA ELIMINAR ANIMALES DA  INOS, FUNGICIDAS, HERBICIDAS.', 163),
('MP', '19int', 'PISOS DE VINILO, BALDOSAS, TABLONES, PLACAS Y PLANCHAS DE VINILO PARA SUELOS, BALDOSAS, TABLONES, PLACAS Y PLANCHAS PARA SUELOS, NO METaLICOS, BALDOSAS, TABLONES, PLACAS Y PLANCHAS PARA SUELOS DE INTERIOR, NO METaLICOS, BALDOSAS, TABLONES, PLACAS Y PLANCHAS PARA SUELOS PARA EDIFICIOS RESIDENCIALES Y COMERCIALES, NO METaLICOS.', 164),
('MP', '16int', 'Papel y carton, papel higienico, papel toilette, toallas absorbentes de papel, papel secante, papel absorbente, pa  uelos de bolsillo de papel, servilletas de papel, baberos, pa  uelos y manteleria elaborados de papel, banderolas de papel, bolsas de basura, bolsas de papel, cajas de carton o de papel, embalajes de papel o carton, toallitas de papel para la limpieza, toallitas de tocador de papel, papel sanitario, toallines de papel para uso domestico, papel encerado, papel cafe (tipo kraft)', 165),
('MP', '18int', 'Tarjeteros carteras, baules articulos de equipaje, billeteras, mochilas, bolsas, estuches para articulos de tocador, estuches de compresion dise  ados para articulos de equipaje, paraguas, bastones, bolsas para la compra reutilizables, estuches para llaves, monederos de cambio, bolsos de mano, etiquetas identificadoras para articulos de equipaje, ropa para animales de compa  ia, bandoleras portabebes, bolsas de herramientas vacias, arneses para guiar ni  os, collares para animales, bolsas de aseo, vacias.', 166),
('MP', '3int', 'PRODUCTOS COSMeTICOS Y PREPARACIONES DE TOCADOR NO MEDICINALES, DENTiFRICOS NO MEDICINALES, PRODUCTOS DE PERFUMERiA, ACEITES ESENCIALES, PREPARACIONES PARA BLANQUEAR Y OTRAS SUSTANCIAS PARA LAVAR LA ROPA, PREPARACIONES PARA LIMPIAR, PULIR, DESENGRASAR Y RASPAR.LAS PREPARACIONES DE HIGIENE EN CUANTO PRODUCTOS DE TOCADOR,LAS TOALLITAS IMPREGNADAS DE LOCIONES COSMeTICAS,LOS DESODORANTES PARA PERSONAS O ANIMALES,LAS PREPARACIONES PARA PERFUMAR EL AMBIENTE, ACEITES DE TOCADOR, ACEITES ESENCIALES, AGUA MICELAR, ALGODoN IMPREGNADO DE PREPARACIONES DESMAQUILLANTES, CREMAS COSMeTICAS, JABONES, MAQUILLAJE, MaSCARA DE PESTA  AS, MASCARILLAS DE BELLEZA, LAS PEGATINAS DECORATIVAS PARA U  AS,LA CERA PARA PULIR,EL PAPEL DE LIJA.', 167),
('MP', '7int', 'FILTROS DE AIRE, ACEITES, COMBUSTIBLES Y REFRIGERANTES PARA MOTORES DE COMBUSTIoN INTERNA, CABINAS DE VEHiCULOS Y MAQUINARIAS CON MEDIOS FILTRANTES DE ALTA EFICIENCIA, FABRICADOS CON UNA MEZCLA DE FIBRAS CUYO DIaMETRO ES MEDIDO EN LA ESCALA DE LOS NANoMETROS.', 168),
('MP', '25int', 'DISTINGUE: CALZADO, VESTIDO Y SOMBRERIA', 169),
('NC', '46int', 'FABRICACIoN, COMPRA, VENTA DE REPUESTOS, PARTE MECaNICAS, ELeCTRICAS, ACCESORIOS, AUTOPERIQUITOS, LUBRICANTE, LA VENTA DE MOTOS Y EN GENERAL TODO LO RELACIONADO CON EL RAMO AUTOMOTRIZ.', 170),
('MS', '38int', 'DIFUSIoN DE CONTENIDOS AUDIOVISUALES Y MULTIMEDIA POR INTERNET, DIFUSIoN CONTINUA DE CONTENIDOS DE AUDIO Y DE ViDEO POR INTERNET, SERVICIOS DE DIFUSIoN CONTINUA DE CONTENIDOS DE ViDEO Y DE AUDIO, TRANSMISIoN DE ARCHIVOS DE DATOS, AUDIO, ViDEO Y MULTIMEDIA, INCLUIDOS ARCHIVOS DESCARGABLES Y ARCHIVOS DIFUNDIDOS EN FLUJO CONTINUO EN REDES INFORMaTICAS MUNDIALES, DISTRIBUCIoN DE DATOS O IMaGENES AUDIOVISUALES A TRAVeS DE UNA RED INFORMaTICA MUNDIAL O INTERNET, SERVICIOS DE ACCESO A PLATAFORMAS Y PORTALES DE INTERNET, SERVICIOS DE ACCESO DE USUARIO A PLATAFORMAS EN INTERNET, SERVICIOS DE TELECOMUNICACIoN MEDIANTE PLATAFORMAS Y PORTALES DE INTERNET Y POR OTROS SOPORTES, INTERCAMBIO ELECTRoNICO DE MENSAJES A TRAVeS DE SERVICIOS DE LiNEAS DE CHAT, SALAS DE CHAT Y FOROS DE INTERNET, SERVICIOS DE CONEXIoN POR MEDIOS DE TELECOMUNICACIoN A LiNEAS TELEFoNICAS DE CHAT, FACILITACIoN DE TABLONES DE ANUNCIOS ELECTRoNICOS EN LiNEA (ONLINE) Y SALAS DE CHARLA (CHAT ROOMS), SERVICIOS DE SALAS DE CHAT EN LiNEA PARA LA TRANSMISIoN DE MENSAJES, COMENTARIOS Y CONTENIDOS MULTIMEDIA ENTRE USUARIOS, SERVICIOS DE SALAS DE CHAT Y TABLONES DE ANUNCIOS ELECTRoNICOS EN LiNEA DESTINADOS A LA TRANSMISIoN DE MENSAJES ENTRE USUARIOS DE ORDENADOR, FACILITACIoN DE LiNEAS DE CHAT POR INTERNET, SUMINISTRO DE SERVICIOS DE CHATS DE VOZ, SERVICIOS DE SALAS DE CHAT PARA REDES SOCIALES, PROVISIoN DE FOROS DE DISCUSIoN (CHATS) EN INTERNET, FACILITACIoN DE FOROS DE DISCUSIoN (CHATS) EN INTERNET, FOROS SALAS DE CHAT PARA SISTEMAS DE REDES SOCIALES, SALAS DE CHAT EN LiNEA (ONLINE) PARA REDES SOCIALES, INTERCAMBIO ELECTRoNICO DE MENSAJES A TRAVeS DE SERVICIOS DE LiNEAS DE CHAT, SALAS DE CHAT Y FOROS DE INTERNET, TRANSMISIoN POR INTERNET DE ViDEOS, PELiCULAS, IMaGENES, TEXTOS, FOTOGRAFiAS, JUEGOS, CONTENIDOS GENERADOS POR USUARIOS, CONTENIDOS DE AUDIO E INFORMACIONES, SERVICIOS DE TELECOMUNICACIONES, SERVICIOS DE DIFUSIoN ViA SATeLITE RELACIONADOS CON EVENTOS DEPORTIVOS, EMISIoN EN CONTINUO DE EVENTOS DE DEPORTES ELECTRoNICOS.', 171),
('MP', '32int', 'CERVEZAS, BEBIDAS SIN ALCOHOL, AGUAS MINERALES Y CARBONATADAS, BEBIDAS A BASE DE FRUTAS Y ZUMOS DE FRUTAS, SIROPES Y OTRAS PREPARACIONES PARA ELABORAR BEBIDAS SIN ALCOHOL.', 172),
('MP', '30int', 'CAFe,TE,CACAO Y SUS SUCEDaNEOS, ARROZ, PASTAS ALIMENTICIAS Y FIDEOS, TAPIOCA Y SAGU, HARINAS Y PREPARACIONES A BASE DE CEREALES, PAN, PRODUCTOS DE PASTELERiA Y CONFITERiA, CHOCOLATE, HELADOS CREMOSOS, SORBETES Y OTROS HELADOS, AZuCAR, MIEL, JARABE DE MELAZA, LEVADURA, POLVO DE HORNEAR, SAL, PRODUCTOS PARA SAZONAR, ESPECIAS HIERVAS EN CONSERVAS, VINAGRE, SALSAS Y OTROS CONDIMENTOS, HIELO.', 173),
('MP', '30int', 'ARROZ ENTERO', 174),
('NC', '46int', 'EMPRESA DEDICADA A TODO LO RELACIONADO CON LA COMERCIALIZACION, DISTRIBUCION, COMPRA, VENTA, IMPORTACION Y EXPORTACION AL MAYOR Y AL DETAL DE ROPA, CALZADO PARA DAMA, CABALLEROS Y NI  OS, TALES COMO: PIJAMAS, FRANELAS, JEANS, SHORTS, PANTALONES, CAMISAS, MONOS, TRAJES DE BA  O, ROPA INTERIOR, ROPA INTIMA, MEDIAS, LENCERIA', 175),
('MP', '4int', 'ACEITES Y GRASAS INDUSTRIALES, LUBRICANTES, ACEITES, GRASAS Y LUBRICANTES PARA MOTORES DE VEHiCULOS, ADITIVOS NO QUiMICOS PARA CARBURANTES, PRODUCTOS PARA QUITAR EL POLVO, ABSORBENTES, HUMECTANTES O AGLUTINANTES, UTILIZADOS PARA EL MANTENIMIENTO DE MOTORES DE VEHiCULOS O DE CUALQUIER MaQUINA, CARBURANTES (INCLUIDA LA GASOLINA PARA MOTORES) Y COMBUSTIBLES, VELAS Y MECHAS PARA ALUMBRADO, COMPOSICIONES USADAS COMO AGLUTINANTES, AGLOMERANTES, ACEITES PARA HORQUILLAS (PRODUCTOS NACIONALES YO EXTRANJEROS).', 176),
('MS', '44int', 'SERVICIOS MeDICOS Y DE SALUD, ASISTENCIA MeDICA, SERVICIOS oPTICOS, FISIOTERAPIA, SERVICIOS SANATORIOS, SERVICIOS DE ODONTOLOGiA, SERVICIOS DE RESIDENCIA CON ASISTENCIA MeDICA, SERVICIOS TERAPeUTICOS Y PSICOLoGICOS, SERVICIOS DE ANaLISIS PRESTADOS POR LABORATORIOS MeDICOS CON FINES DE DIAGNoSTICOS Y TERAPeUTICOS, SERVICIOS DE DIETeTICA Y NUTRICIoN.', 177),
('MP', '27int', 'ALFOMBRAS, FELPUDOS, ESTERAS Y ESTERILLAS, LINoLEO Y OTROS REVESTIMIENTOS DE SUELOS, TAPICES MURALES QUE NO SEAN DE MATERIAS TEXTILES, ALFOMBRILLAS PARA AUTOMoVILES, ALFOMBRAS PARA CUBRIR SUELOS TALES COMO ALFOMBRILLAS DE BA  O, COLCHONETAS DE GIMNASIA, ESTERAS DE YOGA, CeSPED ARTIFICIAL, PAPEL PINTADO, INCLUIDO EL PAPEL PINTADO DE MATERIAS TEXTILES, ALFOMBRAS ANTIDESLIZANTES, ALFOMBRAS IGNiFUGAS PARA CHIMENEAS Y BARBACOAS, BAJO ALFOMBRAS, CeSPED ARTIFICIAL, PASTO ARTIFICIAL, ESTERAS DE JUNCO, ESTERAS, ESTERAS DE YOGA, TATAMIS.', 178),
('MS', '45int', 'EMPRESA DE SEGURIDAD ESPECIALISADA EN CONDOMINIO,RESIDENCIAS,EMPRESAS,ETC.', 179),
('MP', '12int', 'Partes y piezas de suspension, transmision, direccion, electricas y de carroceria, tales como: amortiguadores, bombas de aire, espirales, resortes y muelles amortiguadores, asientos para vehiculos y sus partes, capos, guardafangos y guardabarros, frontales, faros, luces traseras, rines, neumaticos, cubos y tapacubos, volantes, parachoques, cardanes, arboles de transmision, defensas, circuitos electricos para vehiculos y sus partes, ejes, tren delantero y sus partes, sistemas de frenos para vehiculos y sus partes, mecanismos de transmision para vehiculos y sus partes, parabrisas y cristales para vehiculos, puertas para vehiculos, tensores, muelles y resortes de suspension para vehiculos, bielas para vehiculos que no sean de motores, palancas de cambios, sistema de acoplamiento de cambios y sus partes, cajas de marchas y sus partes.', 180),
('MP', '7int', 'MaQUINAS, MaQUINAS HERRAMIENTAS Y HERRAMIENTAS MECaNICAS, MOTORES, EXCEPTO MOTORES PARA VEHiCULOS TERRESTRES, ACOPLAMIENTOS Y ELEMENTOS DE TRANSMISIoN, EXCEPTO PARA VEHiCULOS TERRESTRES, INSTRUMENTOS AGRiCOLAS QUE NO SEAN HERRAMIENTAS DE MANO QUE FUNCIONAN MANUALMENTE, INCUBADORAS DE HUEVOS, DISTRIBUIDORES AUTOMaTICOS.070287 ABRELATAS ELeCTRICOS 070295 AMASADORAS MECaNICAS 070485 APARATOS DE LIMPIEZA A VAPOR 070423 APARATOS ELECTROMECaNICOS PARA PREPARAR ALIMENTOS 070315 APARATOS ELECTROMECaNICOS PARA PREPARAR BEBIDAS 070508 ASPIRADORAS  ASPIRADORES 070403 BATIDORAS ELeCTRICAS 070267 BATIDORAS* 070459 BATIDORES ELeCTRICOS PARA USO DOMeSTICO 070563 BOQUILLA DE SUCCIoN PARA ASPIRADORAS 070611 BRAZOS ROBoTICOS PARA PREPARAR BEBIDAS 070559 CEPILLOS PARA ASPIRADORAS 070578 CORTADORES DE VERDURAS, HORTALIZAS EN ESPIRAL ELeCTRICOS 070131 CUCHILLOS ELeCTRICOS 070460 EXPRIMIDORES DE FRUTA ELeCTRICOS PARA USO DOMeSTICO 070565 EXTRACTORES DE ZUMO ELeCTRICOS  EXTRACTORES DE JUGO ELeCTRICOS 070234 LAVADORAS  LAVARROPAS  MaQUINAS PARA LAVAR LA ROPA 070588 LAVADORAS CON TAMBOR DE SECADO INTEGRADO 070231 LAVAPLATOS MaQUINAS  LAVAVAJILLAS MaQUINAS 070415 MOLINILLOS DE CAFe QUE NO SEAN ACCIONADOS MANUALMENTE 070307 MOLINILLOS DE PIMIENTA QUE NO SEAN MANUALES 070553 MOLINILLOS ELeCTRICOS DE COCINA 070277 MOLINILLOS PARA USO DOMeSTICO QUE NO SEAN MANUALES 070586 PELADORES ELeCTRICOS DE VERDURAS Y HORTALIZAS 070211 PICADORAS DE CARNE ELeCTRICAS  MOLINOS DE CARNE ELeCTRICOS  TRITURADORAS DE CARNE ELeCTRICAS 070475 ROBOTS DE COCINA ELeCTRICOS  PROCESADORES DE ALIMENTOS ELeCTRICOS 070084 SECADORAS CENTRiFUGAS.', 181),
('MS', '44int', 'SERVICIOS MeDICOS Y SANITARIOS, SUMINISTRO DE INFORMACIoN Y SERVICIOS MeDICOS, INFORMACIoN PROPORCIONADA A PACIENTES Y PROFESIONALES SANITARIOS SOBRE PRODUCTOS FARMACeUTICOS, VACUNAS, DISPOSITIVOS MeDICOS, ENFERMEDADES Y TRASTORNOS MeDICOS Y TRATAMIENTOS RELACIONADOS, SERVICIOS DE TRATAMIENTO MeDICO DE TERAPIA DE GENES Y CELULAR, SERVICIOS MeDICOS Y DE ATENCIoN SANITARIA, PRUEBAS GENeTICAS Y HUELLAS GENeTICAS CON FINES MeDICOS, PRESTACIoN DE SERVICIOS DE INFORMACIoN, CONSULTORiA Y ASESORAMIENTO RELACIONADOS CON CUALQUIERA DE LOS SERVICIOS MENCIONADOS.', 182),
('MP', '3int', 'JABONES JABONES PARA USO DOMeSTICO, JABONES DE BA  O, JABoN DE BELLEZA, JABONES PARA USO PERSONAL, JABONES COSMeTICOS, PASTILLAS DE JABoN DE TOCADOR, JABoN DE TOCADOR PERFUMES, AGUAS DE TOCADOR, AGUA PERFUMADA, ACEITES ESENCIALES, PRODUCTOS COSMeTICOS, LOCIONES PARA EL CABELLO, DENTIFRICOS, ACEITES PARA USO HIGIeNICO, ACEITES CORPORALES PARA USO COSMeTICO), ACEITES PARA PERFUMES Y AROMAS, CHAMPuS, GELES DE DUCHA, ESPUMAS DE BA  O, BA  O DE BURBUJAS, LOCIONES DE PROTECCIoN SOLAR, GELES PARA USO COSMeTICO, MaSCARAS DE BELLEZA, PREPARACIONES COSMeTICAS PARA EL BA  O, PREPARACIONES COSMeTICAS PARA EL CUIDADO DE LA PIEL, CREMAS COSMeTICAS, LOCIoN TONIFICANTE, PARA ROSTRO, CUERPO Y MANOS, PRODUCTOS DE LIMPIEZA PARA LOS OJOS, PREPARACIONES DESMAQUILLANTES, LIMPIADORES DE PIEL, LaPICES PARA USO COSMeTICO PREPARACIONES COSMeTICAS PARA PESTA  AS, COSMeTICOS PARA CEJAS: TALCO EN POLVO PARA USO SANITARIO, PREPARACIONES PARA EL AFEITADO, GELES DE AFEITAR, ESPUMAS PARA ANTES DEL AFEITADO, JABONES DE AFEITAR, LOCIONES PARA DESPUeS DEL AFEITADO, LECHES LIMPIADORAS PARA EL TOCADOR, MAQUILLAJE DE OJO, CONSTITUIR, MaSCARAS, POLVOS DE MAQUILLAJE, BASES DE MAQUILLAJE, ESMALTE DE U  AS, PRODUCTOS PARA EL CUIDADO DE LAS U  AS, FORTALECEDORES DE U  AS, BaLSAMOS LABIALES NO MEDICINALES), DESODORANTES PARA USO PERSONAL, PREPARACIONES DEPILATORIAS, CERA DEPILATORIA, PREPARACIONES COSMeTICAS PARA ADELGAZAR PREPARACIONES AUTOBRONCEADORAS (COSMeTICAS) PREPARACIONES COSMeTICAS DE PROTECCIoN SOLAR PA  UELOS IMPREGNADOS DE LOCIONES COSMeTICAS, INCIENSO, PREPARACIONES AROMaTICAS PARA EL AIRE, BOLSITAS PARA PERFUMAR LA ROPA, AEROSOLES REFRESCANTES PARA TELAS PERFUMADOS, AEROSOLES PERFUMADOS PARA LINO: POPURRIS FRAGANCIAS), CREMAS PARA BLANQUEAR LA PIEL PASTAS PARA AFEITADORAS, PAPEL ABRASIVO, COSMeTICOS PARA ANIMALES', 183),
('MP', '6int', 'BASES METaLICAS PARA TV. PRODUCTOS TRANSPORTABLES METaLICOS. PRODUCTOS SIMPLES FABRICADOS A PARTIR DE METALES.', 184),
('LC', '47int', 'LEMA COMERCIAL PARA SER APLICADO A LA MARCA    C CORDILLERA SINCE 1920   , SOLICITUD 2023004438, EN CLASE INT. 29, PRESENTADA EN FECHA 24 DE MAYO DE 2023.', 185),
('MP', '3int', 'COSMETICOS Y PRODUCTOS PARA AFEITAR, PRODUCTOS PARA AFILAR, PASTAS PARA SUAVISADORES DE NAVAJAS DE AFEITAR.', 186),
('MP', '12int', 'REPUESTOS, PARTES Y ACCESORIOS PARA VEHiCULOS COMO MOTORES PARA VEHiCULOS TERRESTRES, SOPORTES DE MOTOR DE VEHiCULOS TERRESTRES, SOPORTES DE CAJA DE VEHiCULOS TERRESTRES, AMORTIGUADORES PARA VEHiCULOS, RODAMIENTOS COMO PARTE DE VEHiCULOS, ACOPLAMIENTOS DEL TREN DELANTERO, ACOMPLAMIENTO Y ELEMENTOS DE TRANSMISIoN PARA VEHiCULOS TERRESTRES, PUNTAS DE EJE PARA VEHiCULOS, LIMPIAPARABRISAS Y FRENOS DE VEHiCULOS, PARACHOUES, VOLANTES, BOMBAS DE AIRE', 187),
('MP', '3int', 'PRODUCTOS COSMeTICOS Y PARA CUIDADO PERSONAL.', 188),
('MP', '14int', 'METALES PRECIOSOS Y SUS ALEACIONES, ARTEFACTOS (EN METALES PRECIOSOS), ARTiCULOS ENJOYADOS Y ARTiCULOS DE JOYERiA (INCLUIDA LA BISUTERiA) DE METALES PRECIOSOS, DE ALEACIONES Y DE METALES CHAPADOS, TALES COMO, PULSERAS, ANILLOS, PENDIENTES, GEMELOS, BRAZALETES, BROCHES, COLGANTES, DIJES, CADENAS Y CADENAS DE RELOJES, COLLARES, MEDALLAS, MEDALLONES, PIEDRAS PRECIOSAS Y SEMIPRECIOSAS, ADORNOS PARA SOMBREROS (JOYERiA), ALFILERES Y HORQUILLAS PARA EL CABELLO (JOYERiA): ARTiCULOS DE JOYERiA PARA CALZADO, RELOJERiA E INSTRUMENTOS CRONOMeTRICOS, RELOJES, CORREAS Y ESTUCHES DE RELOJES, LLAVEROS, CAJAS Y ESTUCHES PARA ARTiCULOS DE RELOJERiA, JOYEROS Y ESTUCHES PARA JOYERiA.', 189),
('MS', '42int', 'SERVICIOS CIENTiFICOS Y TECNOLoGICOS, ASi COMO SERVICIOS DE INVESTIGACIoN Y DISE  O CONEXOS, SERVICIOS DE ANaLISIS EINVESTIGACIONES INDUSTRIALES, DISE  O Y DESARROLLO DE EQUIPOS INFORMaTICOS Y SOFTWARE, DISE  O GRaFICO POR ORDENADOR PARAViDEO MAPPING Y ALOJAMIENTO DE INFORMACIoN, DATOS, ARCHIVOS Y APLICACIONES INFORMaTICOS.', 190),
('NC', '46int', 'EMPRESA DEDICADA A LA FABRICACIoN, COMPRA, VENTA AL MAYOR Y DETAL, IMPORTACIoN, EXPORTACIoN, DISTRIBUCIoN Y COMERCIALIZACIoN DE TODO TIPO DE PINTURAS.', 191),
('MP', '9int', 'EQUIPOS DE ENERGiA DE SUPERFICIE EN FORMA DE GENERADORES DE ENERGiA ELeCTRICA UTILIZADOS PARA PROPORCIONAR ENERGiA ELeCTRICA A UN MOTOR DE FONDO DE POZO, PARA SU USO EN LA PRODUCCIoN DE POZOS DE PETRoLEO Y GAS, CONVERTIDOR DE FRECUENCIA ELeCTRICO PARA CONTROLAR LA VELOCIDAD DE UN MOTOR ELeCTRICO, CONTROLADOR ELeCTRICO DE VELOCIDAD VARIABLE PARA EQUIPOS DE SUPERFICIE DE YACIMIENTOS PETROLiFEROS Y DE FONDO DE POZO, CONTROLADOR ELECTRoNICO PARA USO EN LA INDUSTRIA DEL PETRoLEO Y EL GAS PARA MONITOREAR DATOS DE POZOS, DATOS DE EQUIPOS DE SUPERFICIE Y DATOS DE EQUIPOS DE POZOS, SENSORES ELECTRoNICOS DE FONDO DE POZO PARA DETECTAR PARaMETROS OPERATIVOS EN EL FONDO DE UN POZO MEDIANTE LEVANTAMIENTO ARTIFICIAL, MEDIDORES DE YACIMIENTOS PETROLiFEROS SUBTERRaNEOS, INCLUIDOS MEDIDORES QUE SE PUEDEN UTILIZAR PARA DETECTAR TEMPERATURA, PRESIoN, VIBRACIoN Y MOVIMIENTO DE ELEMENTOS SELECCIONADOS O EN aREAS SELECCIONADAS DE UN POZO.', 192),
('MP', '7int', 'PISTONES, VIELAS, VaLVULAS, BUJiAS, ALTERNADOR, ARRANQUE, INYECTORES, VaLVULAS, VaLVULAS IAC (VaLVULAS DE CONTROL DE FLUJO DE AIRE, VaLVULAS O INTERRUPTORES DE FRENO, SOLENOIDES DE CONTROL DE ACEITE (VaLVULAS VVT), BOMBAS DE COMBUSTIBLE, INYECTORES DE COMBUSTIBLE, REGULADORES DE PRESIoN DE COMBUSTIBLE, MOTORES DE ARRANQUE Y SUS COMPONENTES, IMPULSORES DE ARRANQUE (EL PI  oN QUE ENGRANA CON EL MOTOR), ALTERNADORES Y SUS COMPONENTES, ROTORES DE ALTERNADOR (EMBOBINADO ELeCTRICO INTERNO), ESTATORES DE ALTERNADOR (EMBOBINADO ELeCTRICO INTERNO), BOBINAS DE ENCENDIDO, DISTRIBUIDORES DE ENCENDIDO Y SUS COMPONENTES, TAPAS DE DISTRIBUIDOR DE ENCENDIDO, RODAMIENTOS, CILINDROS CON LLAVE PARA ENCENDIDO, CILINDROS CON LLAVE PARA PUERTAS, VENTILADORES ELeCTRICOS PARA ENFRIAMIENTO DEL MOTOR, MOTORES ELeCTRICOS PARA DICHOS VENTILADORES, FILTROS DE GASOLINA, FILTROS DE AIRE, RODAMIENTOS DE LIBERACIoN DE EMBRAGUE (COMuNMENTE CONOCIDOS COMO COLLARiN), BOMBAS DE EMBRAGUE, BOMBAS DE FRENO, TAPAS DE RADIADOR, TAPA PARA ENVASE DE REFRIGERANTE, ESCOBILLAS DE CARBoN PARA ALTERNADORES.', 193),
('MS', '35int', 'La organizacion y la administracion comercial de una empresa comercial o industrial, asi como los servicios de publicidad, marketing y promocion, los servicios de asistencia comercial, los servicios administrativos relativos a transacciones de negocios y registros financieros.', 194),
('MS', '35int', 'Proporcionar un portal de Internet que proporciona a los clientes acceso a informacion comercial e informes en las industrias de viajes, transporte, turismo, hospitalidad y logistica, proporcionar un portal de Internet que permite a los usuarios acceder, rastrear, gestionar, buscar, supervisar y generar informacion comercial e informes de informacion comercial sobre servicios de pasajeros, comercio electronico, precios, gestion de inventario, gestion de costes y gestion de ingresos, gestion de bases de datos, procesamiento de datos y servicios de analisis de datos en las industrias de viajes, transporte, turismo, hospitalidad y logistica, gestion de bases de datos, servicios de procesamiento de datos, consultoria empresarial, servicios de informacion, organizacion empresarial, gestion. consultoria y gestion de las relaciones con los clientes en los sectores de los viajes, el transporte, el turismo, la hosteleria y la logistica, servicios de consultoria e informacion empresarial, consultoria en organizacion y gestion empresarial, servicios de consultoria y gestion empresarial en relacion con la estrategia, el marketing, las ventas y las operaciones empresariales, servicios de consultoria y gestion empresarial en relacion con la estrategia, el marketing, las ventas y las operaciones, en particular especializados en el uso de modelos analiticos y estadisticos para comprender y predecir las tendencias y acciones de los consumidores, las empresas y el mercado, servicios de monitorizacion y consultoria empresarial, en concreto, seguimiento de datos y aplicaciones de otros para proporcionar apoyo en estrategia, conocimiento, marketing, ventas y operaciones, en particular, especializandose en el uso de modelos analiticos y estadisticos para la comprension y prediccion de tendencias y acciones de consumidores, empresas y mercados, analisis de datos empresariales, analisis y recopilacion de datos. estadisticas, datos y otras fuentes de informacion con fines comerciales, compilacion y sistematizacion de informacion, datos y estadisticas en bases de datos informaticas y servicios de consultoria relacionados con las mismas, gestion de relaciones con los clientes, servicios de consultoria empresarial para terceros en relacion con la participacion de los clientes y las interacciones de los clientes en Internet y otros medios de comunicacion, suministro de una base de datos en linea con capacidad de busqueda con informacion sobre ventas, rendimiento empresarial, servicio al cliente y marketing, gestion informatizada de archivos, servicios de gestion empresarial en los campos de gestion de relaciones con los clientes (crm), automatizacion de marketing, automatizacion de ventas, gestion del rendimiento de ventas, servicio y atencion al cliente, gestion de contenidos en linea, analisis predictivo, big data (informacion de gran tama  o) y negocios. analisis y visualizacion de datos, aprendizaje automatico, inteligencia artificial, extraccion de la informacion mas relevante de fuentes de datos dispares, suministro de soluciones automatizadas que permitan a las organizaciones integrar datos dispares y traducir y estructurar esos datos en perspectivas procesables, creacion de bases de datos de informacion y datos que permitan busquedas, seguridad y autenticacion, almacenamiento de datos, colaboracion, comercio electronico, administracion, facturacion y conciliacion de cuentas de gastos de viaje en nombre de terceros, explotacion y gestion de centros de llamadas para terceros.', 195),
('NC', '46int', 'UNA EMPRESA QUE SE DEDICARA A PRESTAR SERVICIOS CIENTiFICOS Y TECNOLoGICOS, ASi COMO SERVICIOS DE INVESTIGACIoN Y DISE  O CONEXOS, SERVICIOS DE ANaLISIS E INVESTIGACIoN INDUSTRIALES, DISE  O Y DESARROLLO DE EQUIPOS INFORMaTICOS Y SOFTWARE, DESARROLLAR Y OPERAR SOLUCIONES TECNOLoGICAS PROPIAS Y DE TERCEROS DE FORMA AGILES QUE PERMITAN A LAS ORGANIZACIONES Y PERSONAS ALCANZAR SUS METAS DE NEGOCIO, EMPLEANDO ENFOQUES Y RECURSOS PROPIOS DEL DESARROLLO DE LA COMUNIDAD TECNOLoGICA, A TRAVeS DE PROFESIONALES ESPECIALIZADOS EN EL aREA DE PROGRAMACIoN, ANaLISIS DE BASE DE DATOS, CONFIGURACIoN DE SERVIDORES.', 196),
('MP', '5int', 'PRODUCTOS FARMACeUTICOS, PREPARACIONES PARA USO MeDICO Y VETERINARIO, PRODUCTOS HIGIeNICOS Y SANITARIOS PARA USO MeDICO, ALIMENTOS Y SUSTANCIAS DIETeTICAS PARA USO MeDICO O VETERINARIO, ALIMENTOS PARA BEBeS, SUPLEMENTOS ALIMENTICIOS PARA PERSONAS O ANIMALES, EMPLASTOS, MATERIAL PARA APoSITOS, MATERIAL PARA EMPASTES E IMPRESIONES DENTALES, DESINFECTANTES, PREPARACIONES PARA ELIMINAR ANIMALES DA  INOS, FUNGICIDAS, HERBICIDAS.', 197),
('MP', '25int', 'COMPRENDE PRINCIPALMENTE LAS PRENDAS DE VESTIR, EL CALZADO, PARA DAMAS, CABALLEROS Y NI  OS, LENCERIA Y LOS ARTiCULOS DE SOMBRERERiA PARA PERSONAS.', 198),
('MS', '35int', 'Servicios de reagrupamiento por cuenta de terceros de productos (excepto su transporte), para que los consumidores puedan examinarlos y comprarlos a su conveniencia, este servicio puede ser prestado por comercios minoristas o mayoristas, o mediante catalogos de venta por correo o medios de comunicacion electronicos, por ejemplo, sitios web o programas de televenta.', 199),
('MS', '43int', 'SERVICIOS DE RESTAURACIoN (ALIMENTACIoN), HOSPEDAJE TEMPORAL. RESERVA DE ALOJAMIENTO TEMPORAL, POR EJEMPLO, LA RESERVA DE HOTELES, PARADOR TURiSTICO,SERVICIOS DE RESIDENCIAS PARA ANIMALES,ALQUILER DE SALAS DE REUNIoN, TIENDAS DE CAMPA  A Y CONSTRUCCIONES TRANSPORTABLES,SERVICIOS DE RESIDENCIAS PARA LA TERCERA EDAD,SERVICIOS DE GUARDERiAS INFANTILES,DECORACIoN DE ALIMENTOS, LA ESCULTURA DE ALIMENTOS,ALQUILER DE APARATOS DE COCCIoN,ALQUILER DE SILLAS, MESAS, MANTELERiA Y CRISTALERiA,SERVICIOS DE BARES DE SHISHA,SERVICIOS DE CHEFS DE COCINA A DOMICILIO.', 200),
('MP', '21int', 'UTENSILIOS Y RECIPIENTES PARA USO DOMeSTICO Y CULINARIO, UTENSILIOS DE COCINA Y VAJILLA, EXCEPTO TENEDORES, CUCHILLOS Y CUCHARAS, PEINES Y ESPONJAS, CEPILLOS, MATERIALES PARA FABRICAR CEPILLOS, MATERIAL DE LIMPIEZA, VIDRIO EN BRUTO O SEMIELABORADO, EXCEPTO VIDRIO DE CONSTRUCCIoN, ARTiCULOS DE CRISTALERiA, PORCELANA Y LOZA.', 201),
('MS', '44int', 'SERVICIOS DE PRUEBAS DE DIAGNoSTICO, MONITOREO Y REPORTE MOLECULAR BIOMeDICO HUMANO PARA ASISTIR EN EL DIAGNoSTICO Y LA RESOLUCIoN DE CaNCER DE TIROIDES', 202),
('MS', '35int', 'SERVICIOS DE PUBLICIDAD, PROMOCIoN, COMERCIALIZACIoN Y VENTA DE SERVICIOS DE JUEGOS DE LOTERIA, ENVITE Y AZAR A TRAVeS DE PaGINA WEB, VALLAS Y MEDIOS DIGITALES.', 203),
('MP', '5int', 'ANTICONCEPTIVO ORAL.', 204),
('MS', '35int', 'PUBLICIDAD, GESTIoN DE NEGOCIOS COMERCIALES Y ADMINISTRACIoN COMERCIAL RELACIONADOS CON PRODUCTOS DE PERFUMERiA, PRODUCTOS DE TOCADOR Y COSMeTICOS, PRODUCTOS oPTICOS, ARTiCULOS DE JOYERiA Y BISUTERiA, ARTiCULOS DE PIEL, CUERO Y CUERO DE IMITACIoN, ARTiCULOS DE EQUIPAJE, BOLSOS DE TRANSPORTE Y ARTiCULOS DE VESTIR, SOMBREROS Y CALZADOS, TRABAJOS DE OFICINA, SERVICIOS DE FACILITACIoN DE ASISTENCIA COMERCIAL PARA EL ESTABLECIMIENTO Y EXPLOTACIoN DE FRANQUICIAS, ASi COMO EL OTORGAMIENTO DE LAS MISMAS, ORGANIZACIoN DE DESFILES DE MODA Y EVENTOS CON FINES PROMOCIONALES Y COMERCIALES, SERVICIOS DE REAGRUPAMIENTO POR CUENTA DE TERCEROS (CON EXCEPCIoN DE SU TRANSPORTE), PERMITIENDO A LOS CONSUMIDORES EXAMINAR Y COMPRAR CON COMODIDAD EN EL COMERCIO O ViA ONLINE, PRODUCTOS DE PERFUMERiA, PRODUCTOS DE TOCADOR Y COSMeTICOS, PRODUCTOS LIMPIADORES Y DE CUIDADO PARA EL BA  O Y DE USO PERSONAL, VELAS, CUBERTERiAS, LIBROS Y MATERIALES IMPRESOS, BICICLETAS, INSTRUMENTOS MUSICALES, PAPELERiA, AGENDAS Y ORGANIZADORES PERSONALES, TARJETAS DE FELICITACIoN, ENVOLTORIOS Y CINTAS PARA REGALOS, MUEBLES, ACCESORIOS Y DECORACIONES, ARTiCULOS DE COCINA, UTENSILIOS DOMeSTICOS, CRISTAL, CRISTALERiA, PORCELANA Y LOZA, ARTiCULOS DE COBRE, ADORNOS, ACCESORIOS PARA EL CABELLO, CESTOS, GeNEROS EN PIEZA, ACCESORIOS DE COSTURA, BOLSOS DE LONA, PAJA, PLaSTICO Y PVC, ROPA DE CAMA Y DE MESA, TOALLAS, ALFOMBRAS Y TAPETES, ARTESANiA, JUGUETES, JUEGOS, ARTiCULOS DE JUEGO Y DE DEPORTE, ALIMENTACIoN Y CONFITERiA, BEBIDAS CON ALCOHOL Y SIN ALCOHOL, GAFAS, GAFAS DE SOL, LENTES Y MONTURAS PARA GAFAS, LENTES DE CONTACTO, LENTILLAS oPTICAS, LUPAS (oPTICA), FUNDAS, CADENAS Y CORDONES PARA GAFAS, PARTES Y ACCESORIOS DE TODOS LOS PRODUCTOS MENCIONADOS, FUNDAS DE PIEL PARA LECTORES MULTIMEDIA, FUNDAS DE PIEL PARA MoVILES, FUNDAS DE PIEL PARA DVD Y CD, FUNDAS DE PIEL PARA APARATOS DE REPRODUCCIoN DEL SONIDO, FUNDAS DE PIEL PARA PDA, FUNDAS DE PIEL PARA AGENDAS ELECTRoNICAS, FUNDAS DE PIEL PARA CaMARAS DE ViDEO Y FUNDAS DE PIEL PARA CaMARAS FOTOGRaFICAS, CASCOS DE PROTECCIoN, AGENDAS ELECTRoNICAS, ALTAVOCES Y AMPLIFICADORES DE AUDIO, APARATOS E INSTRUMENTOS FOTOGRaFICOS Y CINEMATOGRaFICOS, APARATOS E INSTRUMENTOS DE TELECOMUNICACIONES, APARATOS E INSTRUMENTOS DE GRABACIoN Y REPRODUCCIoN DEL SONIDO, TELeFONOS Y TELeFONOS MoVILES, APARATOS PARA SISTEMAS DE LOCALIZACIoN POR SATeLITE (GPS), SOFTWARE DE APLICACIONES PARA ORDENADORES (DESCARGABLE), TELESCOPIOS, BOLSOS PORTAORDENADORES, BOLSOS PARA MaQUINAS DE FOTOGRAFIAR, BRuJULAS, CALCULADORAS, ORDENADORES PORTaTILES, ORDENADORES Y APARATOS PARA EL TRATAMIENTO DE LA INFORMACIoN, PROGRAMAS DE ORDENADOR DESCARGABLES, RATONES DE ORDENADOR, VIDEODISCOS Y CINTAS PREGRABADOS, PROGRAMAS PARA SOFTWARE Y ORDENADOR, PUBLICACIONES ELECTRoNICAS, TELeFONOS INTELIGENTES, CaMARAS DE ViDEO, ARTiCULOS DE JOYERiA, BISUTERiA, PIEDRAS PRECIOSAS, ARTiCULOS DE RELOJERiA E INSTRUMENTOS CRONOMeTRICOS, SORTIJAS ARTiCULOS DE JOYERiA, PLATA EN BRUTO O BATIDA, ANILLOS, COLLARES, COLGANTES, PENDIENTES Y ALFILERES DE METALES COMUNES U OTROS MATERIALES BISUTERiA, GEMELOS, BRAZALETES Y PULSERAS, CORREA PARA RELOJ DE PULSERA, CARCASAS DE RELOJES, ESTUCHES (DE RELOJES), CADENAS DE RELOJ, CADENAS ARTiCULOS DE JOYERiA, DIJES JOYERiA, COLLARES, CRONoGRAFOS (RELOJES DE PULSERA, APARATOS PARA REGISTRAR EL TIEMPO), PRODUCTOS DE RELOJERiA, DIAMANTES, PASADORES DE CORBATA, ESTATUILLAS DE METALES PRECIOSOS, HILOS DE METALES PRECIOSOS ARTiCULOS DE JOYERiA, MEDALLAS, MEDALLONES, OBRAS DE ARTE DE METALES PRECIOSOS, PENDIENTES Y ADORNOS JOYERiA, ADORNOS DE METALES PRECIOSOS PARA CALZADO, ADORNOS DE METALES PRECIOSOS PARA SOMBREROS, ORO EN BRUTO O BATIDO, RELOJES DE PeNDULO, RELOJES, RELOJES ELeCTRICOS, PERLAS, CUENTAS PARA CONFECCIONAR JOYAS, PIEDRAS DE JOYERiA, LLAVEROS DE FANTASiA, CAJAS DE METALES PRECIOSOS, ARMAZONES PARA RELOJES Y RELOJES DE PULSERA, PASADORES DE CORBATA, ALFILERES DE ADORNO, BOLSOS DE MANO, EQUIPAJE, PORTATARJETAS, PORTAFOLIOS DE PIEL, FUNDAS DE TARJETAS DE CReDITO DE CUERO, CARTERAS, CARTERAS DE PIEL PARA DOCUMENTOS, FUNDAS DE LLAVES DE CUERO, BOLSOS DE MANO, BAuLES Y MALETAS, FUNDAS DE VIAJE PARA PRENDAS DE VESTIR, BOLSOS PARA CONTENER ARTiCULOS DE TOCADOR, BOLSOS DE DEPORTE COMPRENDIDOS EN ESTA CLASE, BOLSOS PARA ARTiCULOS DE DEPORTE, BOLSOS DE NOCHE Y DE BANDOLERA PARA SE  ORA, BOLSOS DE PIEL PARA LA COMPRA, CARTERAS DE COLEGIO, FUNDAS DE VIAJE PARA ZAPATOS, BOLSOS DE PLAYA, BOLSOS PARA PA  ALES, MOCHILAS, COFRES (BAuLES) DE VIAJE, BOLSOS DE TELA, MALETINES DE VIAJE, SACOS DE ALPINISTAS, PORTAFOLIOS ESCOLARES, BOLSOS FORMALES, NECESERES (VACiOS), CUERO, COFRES Y CAJAS ELABORADOS EN PIEL, CARTERAS MARROQUINERiA, ARNESES DE CUERO, PARAGUAS, CORDONES DE CUERO, PRENDAS DE VESTIR DE SE  ORA Y CABALLERO, ABRIGOS, CHAQUETAS, FALDAS, TOPS, ABRIGOS IMPERMEABLES, SOBRETODOS, CINTURONES, VESTIDOS, PULoVERES, PANTALONES VAQUEROS, CAPOTES, ABRIGOS IMPERMEABLES, PARKAS, JERSEYS, CAMISAS, CAMISETAS INTERIORES, CARDIGANS (REBECAS), LENCERiA, ALBORNOCES, ROPA DE BA  O, TRAJES DE BA  O, BATAS SALTOS DE CAMA, PRENDAS DE NOCHE, CHALES, FAJAS BANDAS, CORBATAS, CORBATINES, TRAJES DE CABALLERO, SUDADERAS, CAMISETAS, POLOS, PANTIS, BLAZERS, PANTALONES CORTOS, CAMISAS DEPORTIVAS, CALZADO, ESCARPINES, PROTECTORES DE CALZADO, ZAPATOS DE GOLF, ZUECOS, ZAPATOS DE LONA, BOTAS DE TREKKING, CALZADO DE PLAYA, ZAPATOS PARA CORRER, ZAPATILLAS DE GIMNASIA, BOTAS, BOTINES, ZAPATOS PARA DESPUeS DE ESQUIAR, SANDALIAS, SANDALIAS DE BA  O, GUANTES PRENDAS DE VESTIR, SOMBRERERiA, EN CONCRETO SOMBREROS, GORRAS, VISERAS, ESTE SERVICIO PUEDE SER PRESTADO AL POR MAYOR Y AL POR MENOR.', 205),
('MS', '35int', 'Servicios de abastecimiento de productos farmaceuticos para terceros, demostracion de productos farmaceuticos, organizacion de exposiciones de productos farmaceuticos con fines comerciales o publicitarios, gestion informatizada de archivos y registros medicos, servicios de intermediacion comercial de productos farmaceuticos, presentacion de productos farmaceuticos en cualquier medio de comunicacion para su venta minorista, publicidad de productos farmaceuticos, suministro de espacios de venta en linea para vendedores y compradores de productos farmaceuticos y servicios relacionados al area de productos farmaceuticos.', 206),
('MS', '35int', 'PUBLICIDAD, GESTIoN DE NEGOCIOS COMERCIALES, ADMINISTRACIoN COMERCIAL, AGENCIAS DE IMPORTACIoN  EXPORTACIoN, RELACIONES PuBLICAS, CONSULTORiA COMERCIAL, INDUSTRIAL, ADMINISTRACIoN COMERCIAL, GESTARiAS Y TRAMITACIONES, TRABAJOS DE OFICINAS, ENCUESTAS DE MERCADO, GESTIoN DE NEGOCIOS COMERCIALES, POR REPRESENTACIoN, FRANQUICIADO DE MARCAS.', 207),
('MS', '38int', 'TELECOMUNICACIONES, PROGRAMAS DE RADIO, TELEVISIoN, PLANTA Y DIFUSIoN POR RADIO, CABLE SATeLITE, AGENCIAS DE PRENSA, CORREO, MENSAJERiA, MENSAJERiA ELECTRoNICA, INTERNET, EMAIL, MOTOR, BuSQUEDA DE INFORMACIoN, SERVIDOR,. REDES SOCIALES', 208),
('MP', '24int', 'LA MARCA ES PARA IDENTIFICAR TEJIDOS Y SUS SUCEDaNEOS, ROPA DE HOGAR, CORTINAS DE MATERIAS TEXTILES O DE MATERIAS PLaSTICAS.TAMBIEN TELAS Y LAS FUNDAS DE TELA PARA USO DOMeSTICO.LA ROPA DE HOGAR, LAS COLCHAS, LAS FUNDAS DE ALMOHADA, LAS TOALLAS DE MATERIAS TEXTILES, LA ROPA DE CAMA DE PAPEL, LOS SACOS DE DORMIR, LAS SaBANAS PARA SACOS DE DORMIR, LOS MOSQUITEROS.', 209),
('MS', '35int', 'AGRUPAMIENTO POR CUENTA DE TERCEROS DE UNA AMPLIA VARIEDAD DE PRODUCTOS COMO: APARATOS DE ILUMINACIoN, APARATOS DE REFRIGERACIoN, APARATOS DE VENTILACIoN, APARATOS E INSTRUMENTOS PARA CONDUCIR INTERRUMPIR, TRANSFORMAR, ACUMULAR, REGULAR O CONTROLAR LA ELECTRICIDAD, DISPOSITIVOS DE GRABACIoN, TRANSMISIoN Y REPRODUCCIoN DE SONIDO O IMaGENES, ARTiCULOS DE ILUMINACIoN, EQUIPOS DE PROCESAMIENTO DE DATOS Y COMPUTADORAS, ARTiCULOS DE OFICINA, UTENSILIOS Y ENVASES DEL HOGAR O LA COCINA, PARA QUE LOS CONSUMIDORES PUEDAN VERLOS Y ADQUIRIRLOS CON COMODIDAD A TRAVeS DE SERVICIOS PRESTADOS POR COMERCIOS MINORISTAS O MAYORISTAS, DISTRIBUIDORES AUTOMaTICOS, CATaLOGOS DE VENTA POR CORRESPONDENCIA O MEDIOS DE COMUNICACIoN ELECTRoNICOS TALES COMO SITIOS WEB O PROGRAMAS DE TELEVENTA, REPRESENTACIoN COMERCIAL DE APARATOS ELeCTRICOS, ELECTRoNICOS Y TeRMICOS.', 210),
('MS', '35int', 'SERVICIOS DE AGENCIA DE IMPORTACIoNEXPORTACIoN DE UNA AMPLIA GAMA DE PRODUCTOS: ALIMENTOS, ARTiCULOS DE LIMPIEZA, BEBIDAS, ARTiCULOS DE PERFUMERiA, ALIMENTOS PARA MASCOTAS, ENTRE OTROS, SERVICIOS DE VENTA MINORISTA DE PREPARACIONES FARMACeUTICAS, VETERINARIAS Y SANITARIAS.', 211),
('NC', '46int', 'Empresa que se dedica a la compra y venta de materiales de construccion, productos de ferreteria, productos e instrumentos agricolas.', 212),
('MP', '9int', 'BATERiAS Y ACUMULADORES ELeCTRICOS PARA VEHiCULOS, INCLUIDOS VEHiCULOS TERRESTRES, MOTOCICLETAS, EMBARCACIONES, COCHES DE GOLF, PILAS, PILAS RECARGABLES, APARATOS DE DIAGNoSTICO PARA PILAS, BATERiAS ALKALINAS, BATERiAS DE ARRANQUE', 213),
('MP', '17int', 'MATERIALES AISLANTES. CINTAS AISLANTES, CINTAS ADHESIVA DE REPARACIoN, MANGUERAS FLEXIBLES NO METaLICAS, PINTURAS AISLANTES, CINTAS ADHESIVAS QUE NO SEAN DE PAPELERiA NI PARA USO MeDICO O DOMeSTICO, JUNTAS PARA TUBERiAS, EMPAQUETADURAS.', 214),
('MP', '29int', 'Carne, pescado, carne de ave y carne de caza, extractos de carne, frutas y verduras, hortalizas y legumbres en conserva, congelados, secas y cocidas, jaleas, confituras, compotas, huevos, leche y productos lacteos, aceites y grasas comestibles. Leche condensada, lecha condensada con azucar.', 215),
('MP', '4int', 'eTER DE PETRoLEO, GASES COMBUSTIBLES, GAS DE PETRoLEO, DIeSEL, VASELINA PARA USO INDUSTRIAL, FUEL COMBUSTIBLE PESADO, ACEITES COMBUSTIBLES, ACEITE DE ESQUISTO BITUMINOSO, ACEITES INDUSTRIALES, ACEITE DE MOTOR, PETRoLEO, CRUDO O REFINADO', 216),
('MP', '33int', 'BEBIDAS ALCOHOLICAS (EXCEPTO CERVEZAS).', 217),
('MP', '3int', 'Cosmeticos, limpiadores faciales, cremas faciales, colorantes para el cabello, lociones para el cuerpo, mascarillas de belleza, champus, locion de ba  o, acondicionadores para el cabello, limpiadores de manos, exfoliantes corporales, aceites esenciales, cremas de manos, preparaciones con filtro solar, lapices de labios pintalabios, aceites de masaje, pastillas de jabon, tonicos para uso cosmetico, perfumes, preparaciones cosmeticas para el tratamiento del cabello que no sean para uso medico.', 218),
('MP', '29int', 'CARNE, PESCADO, CARNE DE AVE Y CARNE DE CAZA, EXTRACTOS DE CARNE, FRUTAS YVERDURAS, HORTALIZAS Y LEGUMBRES EN CONSERVA, CONGELADAS, SECAS Y COCIDAS,JALEAS, MERMELADAS, CONFITURAS, COMPOTAS, HUEVOS, LECHE, QUESOS, MANTEQUILLA,YOGUR Y OTROS PRODUCTOS LaCTEOS, ACEITES Y GRASAS PARA USO ALIMENTICIO.', 219),
('MP', '25int', 'Prendas de vestir, calzado, articulos de sombrereria', 220),
('MS', '35int', 'PARA DISTINGUIR LA PRESTACIoN DEL SERVICIO DE ASISTENCIA, CONSULTORiA, ORGANIZACIoN Y DIRECCIoN EN NEGOCIOS RELACIONADOS AL TURISMO Y AGENCIAS DE VIAJE, ORGANIZACIoN DE EXPOSICIONES CON FINES COMERCIALES O PUBLICITARIOS, GERENCIA ADMINISTRATIVA DE AGENCIAS DE VIAJES, PUBLICIDAD EN LiNEA POR UNA RED INFORMaTICA Y SUMINISTRO DE ESPACIOS DE VENTA EN LiNEA PARA VENDEDORES Y COMPRADORES DE PAQUETES DE VIAJES, TRAMITACIoN ADMINISTRATIVA DE PEDIDOS DE COMPRA, SERVICIO DE VENTA EN LiNEA DE BOLETOS AeREOS Y PAQUETES DE VIAJE, ESPECIALMENTE PROMOCION, PUBLICIDAD Y COMERCIALIZACION DE SERVICIOS DE AGENCIA DE VIAJES A TRAVES DE PAGINA WEB Y MEDIOS DIGITALES.', 221),
('MS', '35int', 'PUBLICIDAD, GESTIoN DE EMPRESAS, ADMINISTRACIoN DE EMPRESAS, FUNCIONES DE OFICINA, ADMINISTRACIoN DE PROGRAMAS DE FIDELIDAD DE CONSUMIDORES, PUBLICIDAD, SERVICIOS DE PUBLICIDAD Y PROMOCIoN, SERVICIOS DE INFORMACIoN SOBRE PUBLICIDAD Y PROMOCIoN, AGENCIAS DE INFORMACIoN COMERCIAL, TODOS LOS SERVICIOS MENCIONADOS PRESTADOS EN LiNEA DESDE UNA BASE DE DATOS INFORMaTICA O MEDIANTE UNA RED INFORMaTICA GLOBAL (INTERNET) O MEDIANTE DISPOSITIVOS INALaMBRICOS DE COMUNICACIoN ELECTRoNICOS, PUBLICIDAD DE EVENTOS DEPORTIVOS, PUBLICIDAD, INCLUIDA LA PROMOCIoN DE PRODUCTOS Y SERVICIOS DE TERCEROS MEDIANTE ACUERDOS DE PATROCINIO Y ACUERDOS DE LICENCIA RELACIONADOS CON EVENTOS DEPORTIVOS INTERNACIONALES, SERVICIOS DE ASESORAMIENTO PARA LA GESTIoN EMPRESARIAL, SERVICIOS DE AGENCIA PARA LA PROMOCIoN DE PERSONALIDADES DEPORTIVAS, SERVICIOS DE RECORDATORIO DE CITAS (FUNCIONES DE OFICINA), SERVICIOS DE PROGRAMACIoN DE CITAS (FUNCIONES DE OFICINA), GESTIoN DE SUSCRIPCIONES A PERIoDICOS PARA TERCEROS, GESTIoN DE SUSCRIPCIONES A SERVICIOS DE TELECOMUNICACIONES PARA TERCEROS, SUBASTAS EN UNA RED INFORMaTICA MUNDIAL (INTERNET) O MEDIANTE DISPOSITIVOS INALaMBRICOS DE COMUNICACIoN ELECTRoNICOS, REUNIR DE LOS SIGUIENTES PRODUCTOS EN BENEFICIO DE OTROS PARA PERMITIR A LOS CLIENTES VERLOS Y COMPRARLOS CoMODAMENTE EN UNA TIENDA O EN UNA RED INFORMaTICA GLOBAL (INTERNET) O MEDIANTE DISPOSITIVOS INALaMBRICOS DE COMUNICACIoN ELECTRoNICOS, SERVICIOS DE ADMINISTRACIoN DE EMPRESAS PARA PROCESAR SERVICIOS COMERCIALES EN UNA RED INFORMaTICA GLOBAL (INTERNET) O MEDIANTE DISPOSITIVOS INALaMBRICOS DE COMUNICACIoN ELECTRoNICOS, SERVICIOS DE INTERMEDIACIoN EMPRESARIAL RELACIONADOS CON LA VINCULACIoN DE DIVERSOS PROFESIONALES CON CLIENTES, GESTIoN EMPRESARIAL DE CLUBES DEPORTIVOS, GESTIoN EMPRESARIAL DE INSTALACIONES DEPORTIVAS (PARA TERCEROS), GESTIoN EMPRESARIAL DE ESPACIOS DEPORTIVAS (PARA TERCEROS), GESTIoN EMPRESARIAL DE DEPORTISTAS, GESTIoN EMPRESARIAL DE PERSONALIDADES DEL DEPORTE, GESTIoN EMPRESARIAL DE COMPETICIONES DEPORTIVAS, SERVICIOS DE GESTIoN EMPRESARIAL, RECOPILACIoN DE DIRECTORIOS PARA PUBLICACIoN EN INTERNET Y EN REDES INALaMBRICAS DE COMUNICACIONES ELECTRoNICAS, ADMINISTRACIoN COMERCIAL DE LICENCIAS DE BIENES Y SERVICIOS DE TERCEROS, RECOPILACIoN Y REGISTRO DE DATOS E INFORMACIoN SOBRE ACTUACIONES DEPORTIVAS, RECOPILACIoN DE INFORMACIoN EN BASES DE DATOS INFORMaTICAS, COMPILACIoN DE ESTADiSTICAS, RECOPILACIoN DE iNDICES DE INFORMACIoN CON FINES COMERCIALES O PUBLICITARIOS, CELEBRACIoN DE EVENTOS COMERCIALES, ELABORACIoN DE PERFILES DE CONSUMIDORES CON FINES COMERCIALES O DE MERCADEO, DEMOSTRACIoN DE MERCANCiAS, DESARROLLO, LANZAMIENTO Y ADMINISTRACIoN DE PROGRAMAS DE FIDELIDAD, TALES COMO EMISIoN DE TARJETAS DE FIDELIDAD PARA AFICIONADOS, DIFUSIoN DE MATERIAL PUBLICITARIO, DISTRIBUCIoN DE MUESTRAS, SERVICIOS DE AGENCIAS DE EMPLEO, BuSQUEDA DE PATROCINIO FINANCIERO PARA COMPETICIONES DEPORTIVAS, IMPLEMENTACIoN DE PROGRAMAS DE FIDELIDAD Y BONIFICACIoN DE MEMBRESiA PARA CLIENTES, MERCADEO POR INFLUENCERS, MERCADEO, INVESTIGACIoN DE MERCADO, SERVICIOS DE RELACIONES CON LOS MEDIOS, NEGOCIACIoN Y CELEBRACIoN DE TRANSACCIONES COMERCIALES PARA TERCEROS, SERVICIOS DE RECORTES DE NOTICIAS, PUBLICIDAD EN LiNEA EN UNA RED INFORMaTICA, ENCUESTAS DE OPINIoN, ORGANIZACIoN DE EXPOSICIONES CON FINES COMERCIALES O PUBLICITARIOS, ORGANIZACIoN DE EVENTOS DEPORTIVOS CON FINES PROMOCIONALES, COMERCIALES O PUBLICITARIOS, ORGANIZACIoN DE FERIAS COMERCIALES, PUBLICIDAD EXTERIOR (EN EXTERIORES), CONSULTORiA EN GESTIoN DE PERSONAL, RECLUTAMIENTO DE PERSONAL, SERVICIOS DE ADQUISICIoN PARA TERCEROS (COMPRA DE BIENES Y SERVICIOS PARA OTRAS EMPRESAS), SERVICIOS DE ADQUISICIoN PARA TERCEROS (COMPRA DE BIENES Y SERVICIOS PARA OTRAS EMPRESAS) PARA EVENTOS DEPORTIVOS O DE ENTRETENIMIENTO, CONSULTORiA EMPRESARIAL PROFESIONAL, PROMOVER LOS BIENES Y SERVICIOS DE TERCEROS MEDIANTE LA ORGANIZACIoN DE PATROCINADORES PARA AFILIAR SUS BIENES Y SERVICIOS A ACTIVIDADES DEPORTIVAS, PROMOCIoN DE PRODUCTOS Y SERVICIOS DE TERCEROS MEDIANTE LA ORGANIZACIoN DE PATROCINADORES PARA AFILIAR SUS PRODUCTOS Y SERVICIOS A COMPETICIONES DEPORTIVAS, SERVICIOS DE AGENCIAS DE PROMOCIoN DE DEPORTES Y RELACIONES PuBLICAS, PROMOCIoN DE BIENES Y SERVICIOS MEDIANTE EL PATROCINIO DE EVENTOS DEPORTIVOS, PROMOCIoN DE PRODUCTOS A TRAVeS DE PERSONAS INFLUENCERS, PROMOCIoN DE EVENTOS DEPORTIVOS, PROMOCIoN DE COMPETICIONES Y EVENTOS DEPORTIVOS, GESTIoN PROMOCIONAL DE PERSONALIDADES DEL DEPORTE, SUMINISTRO DE INFORMACIoN COMERCIAL, SUMINISTRO DE INFORMACIoN COMERCIAL A TRAVeS DE UN SITIO WEB, SUMINISTRO DE UN MERCADO EN LiNEA PARA COMPRADORES Y VENDEDORES DE BIENES Y SERVICIOS, PROVISIoN DE ESPACIOS EN SITIOS WEB PARA PUBLICIDAD DE PRODUCTOS Y SERVICIOS, RELACIONES PuBLICAS, PUBLICIDAD RADIOFoNICA, ALQUILER DE ESPACIOS PUBLICITARIOS, ALQUILER DE ESPACIOS PUBLICITARIOS EN MEDIOS DE COMUNICACIoN, ALQUILER DE VALLAS PUBLICITARIAS (PANELES PUBLICITARIOS), SERVICIOS DE VENTA AL POR MENOR Y REUNIoN DE PRODUCTOS DIVERSOS POR CUENTA DE TERCEROS (EXCEPTO SU TRANSPORTE), TALES COMO BOLSOS, MALETAS, MALETINES, PARAGUAS, BANDERAS Y BANDERINES, BEBIDAS ALCOHoLICAS Y NO ALCOHoLICAS, PRODUCTOS DE CONFITERiA, APARATOS E INSTRUMENTOS MeDICOS, VEHiCULOS , Y ACCESORIOS PARA AUTOMoVILES, QUE PERMITAN A LOS CONSUMIDORES COMPARAR Y COMPRAR CoMODAMENTE ESOS PRODUCTOS, SERVICIOS DE VENTA MINORISTA RELACIONADOS CON ARTiCULOS DEPORTIVOS, PROMOCIoN DE VENTAS PARA TERCEROS, PROMOCIoN DE VENTAS, TALES COMO CREACIoN DE PROGRAMAS PREFERENCIALES PARA CLIENTES, BuSQUEDA DE PATROCINIO, MERCADEO DIRIGIDO, SERVICIOS DE TELEMERCADEO, PUBLICIDAD TELEVISIVA, SERVICIOS DE PROMOCIoN DE VENTA DE ENTRADAS, ACTUALIZACIoN Y MANTENIMIENTO DE DATOS EN BASES DE DATOS INFORMaTICAS, ACTUALIZACIoN Y MANTENIMIENTO DE INFORMACIoN EN REGISTROS, SERVICIOS DE VENTA MAYORISTA DE ARTiCULOS DEPORTIVOS, SERVICIOS DE INFORMACIoN, ASESORAMIENTO Y CONSULTORiA EN RELACIoN CON LO ANTERIORMENTE MENCIONADO.', 222),
('MS', '45int', 'SERVICIOS JURiDICOS, SERVICIOS PRESTADOS POR JURISTAS, ASISTENTES JURiDICOS Y ABOGADOS ASESORES, A PERSONAS, GRUPOS DE PERSONAS, ORGANIZACIONES O EMPRESAS', 223),
('MS', '41int', 'SERVICIOS DE ENTRETENIMIENTO, A SABER, FACILITACIoN DE SALAS DE JUEGOS INTERACTIVOS EN VIVO, SERVICIOS DE INFORMACIoN, A SABER, SUMINISTRO DE INFORMACIoN SOBRE JUEGOS INTERACTIVOS, INSCRIPCIoN, RESERVAS Y PRECIOS, A TRAVeS DE UN SITIO WEB, SERVICIOS DE ENTRETENIMIENTO, A SABER, PROGRAMAS DE PREMIOS DE CONCURSOS E INCENTIVOS DISE  ADOS PARA RECOMPENSAR A LOS PARTICIPANTES DEL JUEGO, SERVICIOS DE ENTRETENIMIENTO, A SABER, PROPORCIONAR JUEGOS INTERACTIVOS EN VIVO CENTRADOS EN LA APTITUD Y EL DESARROLLO DE HABILIDADES, SUMINISTRO DE SALAS DE JUEGOS INTERACTIVOS EN VIVO EN LAS QUE LOS PARTICIPANTES RESUELVEN DESAFiOS FiSICOS Y MENTALES CON FINES DE ENTRETENIMIENTO, SUMINISTRO DE INFORMACIoN A LOS PARTICIPANTES, A SABER, PUNTUACIONES Y ESTADiSTICAS, SEGUIMIENTO DE LAS RECOMPENSAS DE LOS JUGADORES, CALENDARIO DE ROTACIoN DE JUEGOS Y DESAFiOS DE OTROS JUGADORES A TRAVeS DE UN SITIO WEB.', 224),
('MP', '24int', 'TELAS, ROPA DE CAMA, COBIJAS, TOALLAS, CORTINAS, PA  UELOS.', 225),
('MS', '37int', 'CONSTRUCCION, REMODELACION, INSTALACION, MANTENIMIENTO, REVISION Y REPARACION DE ELECTRODOMESTICOS.', 226),
('MS', '42int', 'PLATAFORMA COMO SERVICIO (PAAS), RECUPERACIoN DE DATOS, COPIA DE SEGURIDAD DE DATOS EXTERNA.', 227),
('MP', '5int', 'PRODUCTOS FARMACeUTICOS, PREPARACIONES PARA USO MeDICO Y VETERINARIO, PRODUCTOS HIGIeNICOS Y SANITARIOS PARA USO MeDICO, ALIMENTOS Y SUSTANCIAS DIETeTICAS PARA USO MeDICO O VETERINARIO, ALIMENTOS PARA BEBeS, SUPLEMENTOS ALIMENTICIOS PARA PERSONAS O ANIMALES, EMPLASTOS, MATERIAL PARA APoSITOS, MATERIAL PARA EMPASTES E IMPRESIONES DENTALES, DESINFECTANTES, PREPARACIONES PARA ELIMINAR ANIMALES DA  INOS, FUNGICIDAS, HERBICIDAS.', 228),
('MP', '7int', 'CORREAS TRANSPORTADORAS, RODILLOS DE CINTAS TRANSPORTADORAS, PARTES DE MaQUINAS, EN CONCRETO, COJINETES Y COJINETES DE RODILLOS, COJINETES DE MOTORES, CADENAS DE TRANSMISIoN DE RODILLOS SIENDO PARTES DE MaQUINAS, PARTES DE MaQUINAS, EN CONCRETO, PI  ONES PARA USO CON CADENAS DE TRANSMISIoN DE RODILLOS, SELLOS HIDRaULICOS DE ACEITE, EN CONCRETO, BUJiAS Y TAPAS DE DEPoSITO DEL ACEITE COMO PIEZAS DE MOTORES DE VEHiCULOS, JUNTAS ToRICAS Y CORREAS TRAPEZOIDALES PARA MOTORES, PIEZAS PARA AUTOMoVILES, EN CONCRETO, FILTROS DE COMBUSTIBLE, FILTROS DE AIRE PARA MOTORES DE VEHiCULOS, BOMBAS DE COMBUSTIBLE PARA MOTORES DE VEHiCULOS CORREAS DE VENTILADOR PARA MOTORES, JUEGOS DE CABLES DE ENCENDIDO PARA MOTORES DE VEHiCULOS, TAPAS Y ROTORES DE DISTRIBUIDORES PARA MOTORES DE VEHiCULOS, TROQUELES PARA MaQUINAS HERRAMIENTAS, HERRAMIENTAS AUTOMOTRICES ELeCTRICAS UTILIZADAS PARA INSTALAR COJINETES, RoTULAS, FRENOS, FILTROS Y OTRAS PIEZAS DE MOTORES DE AUTOMOCIoN, PIEZAS DE MAQUINARIA AGRiCOLA, EN CONCRETO, CORREAS DE VENTILADOR, JUNTAS ToRICAS Y CORREAS TRAPEZOIDALES PARA MOTORES, SECCIONES DE CUCHILLAS, CUCHILLAS, BARRAS DE CUCHILLAS, BARRAS DE CORTE, FILTROS DE COMBUSTIBLE, RoTULAS, FILTROS DE AIRE, BOMBAS DE COMBUSTIBLE, JUEGOS DE CABLES DE ENCENDIDO Y TAPAS Y ROTORES DE DISTRIBUIDORES PARA MOTORES, PIEZAS DE REPUESTO PARA MOTORES DE AUTOMoVILES, EN CONCRETO, JUNTAS ToRICAS, CORREAS TRAPEZOIDALES, PARTES DE MOTOR COMO JUNTAS DE MOTOR, FILTROS Y CaRTERES PARA MOTORES, PIEZAS DE REPUESTO PARA MOTOCICLETAS, EN CONCRETO, PIEZAS DE MOTOR COMO JUNTAS DE MOTOR, FILTROS Y CaRTERES PARA MOTORES, Y PIEZAS ELeCTRICAS COMO CABLES DE ENCENDIDO.', 229),
('MS', '35int', 'SERVICIOS DE VENTA AL POR MENOR RELACIONADOS CON ARTiCULOS PARA EL HOGAR, ARTiCULOS DE DECORACIoN PARA EL HOGAR, DECORACIoN DE INTERIORES, DECORACIoN DE MESASCOMEDORES. SERVICIOS DE VENTA MINORISTA EN LiNEA RELACIONADOS CON ARTiCULOS PARA EL HOGAR, ARTiCULOS DE DECORACIoN PARA EL HOGAR, DECORACIoN DE INTERIORES, DECORACIoN DE MESASCOMEDORES.', 230),
('LC', '47int', 'AMPLIFICADORES DE SONIDO PARA INSTRUMENTOS MUSICALES, APARATOS AMPLIFICADORES DE SONIDO, APARATOS DE DIFUSIoN, GRABACIoN, TRANSMISIoN O REPRODUCCIoN DE SONIDO, DATOS O IMaGENES, APARATOS DE GRABACIoN, ALMACENAMIENTO, TRANSMISIoN Y REPRODUCCIoN DE SONIDO E IMaGENES, APARATOS DE PRODUCCIoN DE SONIDO, APARATOS E INSTRUMENTOS DE GRABACIoN, TRANSMISIoN, PROCESAMIENTO Y REPRODUCCIoN DE SONIDO, IMaGENES O DATOS, APARATOS E INSTRUMENTOS DE TRANSFERENCIA, RECEPCIoN Y ALMACENAMIENTO DE SONIDO, IMaGENES Y DATOS, EN FORMATO DIGITAL Y ANALoGICO, APARATOS PORTaTILES PARA LA REPRODUCCIoN DEL SONIDO, BARRAS DE SONIDO, BRAZOS EXTENSIBLES PARA APARATOS DE TRANSMISIoN DE SONIDO, CABLES ELeCTRICOS PARA LA TRANSMISIoN DE SONIDO E IMaGENES, CONTROLES ELeCTRICOS PARA GENERADORES DE SONIDO PROGRAMABLES, DISPOSITIVOS DE GRABACIoN, TRANSMISIoN Y REPRODUCCIoN DE SONIDO E IMaGENES, PROCESADORES ELECTRoNICOS DE SE  ALES DE AUDIO PARA COMPENSAR LA DISTORSIoN DE SONIDO EN ALTAVOCES, PROGRAMAS INFORMaTICOS DE EDICIoN DE IMaGENES, SONIDO Y ViDEO, SAMPLERS DE SONIDO, SOFTWARE DE COMPOSICIoN Y EDICIoN DE MuSICA Y SONIDO, SOFTWARE DE TRANSMISIoN DE MENSAJES DE SONIDO Y ViDEO, RADIORELOJES DESPERTADORES, RELOJES DE PULSERA PARA COMUNICAR DATOS A TELeFONOS INTELIGENTES, RELOJES INTELIGENTES, RELOJES INTELIGENTES QUE INCORPORAN FUNCIONES DE TELECOMUNICACIoN, TELeFONOS INTELIGENTES EN FORMA DE RELOJES DE USO PERSONAL, ANTENAS DE RADIO Y TELEVISIoN, APARATOS DE RADIO PARA VEHiCULOS, CaMARAS DE ViDEO, CaMARAS DIGITALES, CaMARAS MULTIFUNCIONALES, CaMARAS SUBACUaTICAS, CaMARAS WEB, ESTUCHES PARA CaMARAS, VIDEOCaMARAS.', 231),
('MP', '3int', 'PRODUCTOS COSMeTICOS Y PREPARACIONES DE TOCADOR NO MEDICINALES, DENTiFRICOS NO MEDICINALES, PRODUCTOS DE PERFUMERiA, ACEITES ESENCIALES, PREPARACIONES PARA BLANQUEAR Y OTRAS SUSTANCIAS PARA LAVAR LA ROPA, PREPARACIONES PARA LIMPIAR, PULIR Y RASPAR.', 232),
('MP', '29int', 'CARNE, PESCADO, CARNE DE AVE Y CARNE DE CAZA, EXTRACTOS DE CARNE, FRUTAS Y VERDURAS, HORTALIZAS Y LEGUMBRES EN CONSERVA, CONGELADAS, SECAS Y COCIDAS, JALEAS, CONFITURAS, COMPOTAS, HUEVOS, LECHE, QUESOS, MANTEQUILLA, YOGUR Y OTROS PRODUCTOS LaCTEOS, ACEITES Y GRASAS PARA USO ALIMENTICIO.', 233),
('MS', '38int', 'TELECOMUNICACIONES, LA COMUNICACIoN ORAL O VISUAL DE TIPO CULTURAL (TELEVISIoN)', 234),
('MP', '3int', 'Cosmeticos no medicinales, preparados de proteccion solar no medicinales, preparados para despues del sol no medicinales.', 235),
('MP', '16int', 'CATALOGOS, CUADERNOS, ARTICULOS DE ESCRITURA, ETIQUETAS, FOLLETOS, FUNDAS PORTADOCUMENTOS, LAPICES, MARCADORES, PLUMAS (ARTICULOS DE OFICINA), SOBRES, TARJETAS, TOALLAS DE PAPEL, REVISTAS, PUBLICACIONES IMPRESAS, GRABADOS.', 236),
('MP', '9int', 'Aparatos para la transmision de sonido, datos o imagenes , aplicaciones de movil descargables para transmision de informacion , aplicaciones de moviles , aplicaciones de moviles descargables para la gestion de datos , aplicaciones de moviles descargables para la gestion de informacion , aplicaciones de moviles descargables para transmision de datos , aplicaciones de software descargables , aplicaciones descargables para su uso con dispositivos moviles , archivos digitales descargables autenticados por tokenes no fungibles nft , bases de datos electronicas , bases de datos electronicas grabadas en soportes informaticos , bases de datos informaticas , bases de datos interactivas , billeteras electronicas descargables , dispositivos y medios para almacenamiento de datos , equipos de procesamiento de datos , libretas digitales , motores de bases de datos , plataformas de software para ordenadores , plataformas de software, grabado o descargable , plataformas y software de telefonia digital , programas de aplicacion , programas de ordenador (software descargable) , programas informaticos para el acceso, consulta y busqueda en bases de datos en linea , programas informaticos para la gestion de bases de datos , redes de datos , registradores de datos , software , software de acceso multiusuario a redes informaticas mundiales de informacion , software de aplicacion para dispositivos moviles , software de ordenador para su uso en dispositivos electronicos digitales moviles de mano y otros productos electronicos de consumo , software informatico de comercio electronico que permite a los usuarios realizar transacciones comerciales electronicas a traves de una red informatica , software para gestion de datos y de ficheros informaticos y bases de datos , software para la comunicacion, las redes y las redes sociales , software para la gestion operativa de tarjetas magneticas y electronicas portatiles , software para medios de comunicacion y publicacion , software para proveedores de soluciones digitales , tarjetas de identificacion electronicas , tarjetas inteligentes, codificadas y magneticas , tarjetas magneticas para llevar datos.', 237),
('MS', '37int', 'CONSTRUCCIoN, ACRISTALAMIENTO DE VENTANAS, INSTALACIoN Y MANTENIMIENTO DE INSTALACIONES FOTOVOLTAICAS, REPARACIoN O MANTENIMIENTO DE AUTOMoVILES, SERVICIOS DE CALAFATEO DE EDIFICIOS, PINTURA, INTERIOR Y EXTERIOR, CARPINTERiA, IMPERMEABILIZACIoN DE EDIFICIOS, ALBA  ILERiA, RENOVACIoN DE EDIFICIOS, INSTALACIoN Y MANTENIMIENTO DE INSTALACIONES SOLARES TeRMICAS, SERVICIOS DE ASESORAMIENTO EN MATERIA DE CARPINTERiA, ASFALTADO, COLOCACIoN DE AZULEJOS, ALBA  ILERiA O COLOCACIoN DE BLOQUES, CONSTRUCCIoN DE OLEODUCTOS, INSTALACIoN Y REPARACIoN DE APARATOS DE AIRE ACONDICIONADO, REPARACIoN O MANTENIMIENTO DE MATERIAL RODANTE FERROVIARIO, REPARACIoN O MANTENIMIENTO DE EMBARCACIONES, REPARACIoN O MANTENIMIENTO DE AERONAVES, REPARACIoN O MANTENIMIENTO DE VEHiCULOS DE MOTOR DE DOS RUEDAS.', 238),
('MS', '35int', 'SERVICIOS DE PUBLICIDAD, MARKETING Y PROMOCION, SUMINISTRO DE ESPACIO EN SITIOS WEB PARA PUBLICIDAD DE BIENES Y SERVICIOS, PRESTACION DE SERVICIOS DE DIRECTORIO DE NEGOCIOS, ALQUILER DE VALLAS PUBLICITARIAS, PAGINA WEB COMERCIAL, TRABAJOS DE OFICINA, FERIAS Y EXPOSICIONES COMERCIALES DIRIGIDAS A LA EXPLOTACION DEL RUBRO TEXTIL Y DE CALZADO.', 239),
('MP', '3int', 'DETERGENTE EN POLVO, JABoN PARA LAVAR PLATOS, DETERGENTE LIQUIDO MULTIUSO, PRODUCTOS PARA LA LIMPIEZA DE SUPERFICIE Y PISO, JABoN INDUSTRIAL, JABoN LiQUIDO, JABONES, JABONES DESODORANTES, JABONES GRANULADOS, JABONES COSMeTICOS, JABONES DETERGENTES, JABoN EN POLVO, JABoN DE AFEITAR, ESPONJAS IMPREGNADAS DE JABoN, JABONES Y GELES, JABONES PARA LA PIEL, JABONES PARA LA COLADA, JABoN EN FORMA DE LaMINAS, JABONES PARA AVIVAR LOS TEJIDOS, JABONES DE TOCADOR NO MEDICINALES, JABoN LiQUIDO PARA LAVAR LA LOZA, PASTILLAS DE JABoN PARA LIMPIEZA DOMeSTICA, DETERGENTES, DETERGENTE LiQUIDO, DETERGENTES DOMeSTICOS, DETERGENTE PARA LAVAVAJILLAS, DETERGENTES PARA LAVANDERiAS, DETERGENTES DE ESPUMA, DETERGENTES PARA AUTOMoVILES, DETERGENTES SINTeTICOS PARA LA ROPA, TOALLITAS PARA GAFAS IMPREGNADAS CON DETERGENTE, PA  OS DE LIMPIEZA IMPREGNADOS CON DETERGENTE, PASTILLAS DE DETERGENTE PARA MaQUINAS DE CAFe, DETERGENTES QUE NO SEAN PARA PROCESOS DE FABRICACIoN NI PARA USO MeDICO.', 240),
('MP', '3int', 'PREPARACIONES PARA BLANQUEAR Y OTRAS SUSTANCIAS PARA LAVAR, PREPARACIONES PARA LIMPIAR, PULIR, DESGRASAR Y RASPAR, JABONES, PERFUMERiA, ACEITES ESENCIALES, COSMeTICOS, LOCIONES PARA EL CABELLO, DENTiFRICOS, DESODORANTES, TALCO DE TOCADOR.', 241),
('MP', '5int', 'Preparaciones para uso veterinario, lociones para uso veterinario, preparaciones para eliminar animales da  inos, productos antiparasitarios, insecticidas, productos para lavar el ganado insecticidas, repelentes de insectos, productos para lavar animales insecticidas para el control de pulgas, piojos, garrapatas y moscas en bovinos, ovinos, porcinos, caballos y perros, preparaciones matamoscas, preparaciones quimicas para uso veterinario, pesticidas, preparaciones de tratamiento antipiojos pediculicida, champus insecticidas para animales, productos de lavado insecticidas para uso veterinario, champus medicinales para animales de compa  ia.', 242),
('MS', '44int', 'SERVICIOS DESTINADOS A PROTEGER Y PROMOVER EL BIENESTAR PSICOLOGICO, ASi COMO TRATAR TRASTORNOS DE LA SALUD MENTAL.', 243),
('MP', '12int', 'MOTOCICLETAS, REPUESTOS DE LAS MISMAS, AMORTIGUADORES, EMBRAGUES, BOMBAS DE AIRE Y RINES', 244),
('MP', '16int', 'PAPEL Y CARToN, PRODUCTOS DE IMPRENTA, MATERIAL DE ENCUADERNACIoN, FOTOGRAFiAS, ARTiCULOS DE PAPELERiA Y ARTiCULOS DE OFICINA, HOJAS, PELiCULAS Y BOLSAS DE MATERIAS PLaSTICAS PARA EMBALAR Y EMPAQUETAR, CARACTERES DE IMPRENTA, CLICHeS DE IMPRENTA.', 245),
('MP', '16int', 'LIBROS Y PUBLICACIONES DE TODO GENERO.', 246),
('MS', '38int', 'COMPRENDE PRINCIPALMENTE LOS SERVICIOS QUE PERMITEN LA COMUNICACIoN ENTRE AL MENOS DOS PARTES, ASi COMO LOS SERVICIOS DE DIFUSIoN Y TRANSMISIoN DE DATOS, SERVICIOS DE TELECOMUNICACIONES, LA RADIODIFUSIoN Y LA TELEDIFUSIoN, LA TRANSMISIoN DE ViDEO A LA CARTA, ALQUILER DE TIEMPO DE ACCESO A REDES INFORMaTICAS MUNDIALES, COMUNICACIONES POR TERMINALES DE ORDENADOR  COMUNICACIONES POR TERMINALES DE COMPUTADORA, COMUNICACIONES TELEFoNICAS, SERVICIOS DE COMUNICACIoN POR TELEFONiA MoVIL, TRANSMISIoN DE ARCHIVOS DIGITALES  TRANSMISIoN DE ARCHIVOS INFORMaTICOS, TRANSMISIoN DE FLUJO CONTINUO DE DATOS STREAMING.', 247),
('MP', '9int', 'DISPOSITIVOS DE MEMORIA DE ORDENADOR, APARATOS DE TRATAMIENTO DE DATOS, PROGRAMAS DE ORDENADOR, GRABADOS, TARJETAS DE IDENTIDAD, MAGNeTICAS, DISPOSITIVOS PERIFeRICOS DE ORDENADOR, LECTORES oPTICOS DE CARACTERES, LECTORES EQUIPO DE TRATAMIENTO DE DATOS,ESCaNERES PARA TRATAMIENTO DE DATOS, TARJETAS DE CIRCUITO INTEGRADO TARJETAS INTELIGENTES, UNIDADES FLASH USB, FICHAS DE SEGURIDAD DISPOSITIVOS DE CIFRADO, TERMINALES DE PANTALLA TaCTIL INTERACTIVA, MONEDEROS ELECTRoNICOS DESCARGABLES, IMPRESORAS DE CoDIGOS DE BARRAS, TERMINALES DE ORDENADOR, CAJAS REGISTRADORAS ELECTRoNICAS, MaQUINAS DE PUNTO DE VENTA MaQUINAS DE PUNTO DE VENTA, ESCaNERES BIOMeTRICOS, CAJAS REGISTRADORAS, EQUIPOS DE RECONOCIMIENTO FACIAL, IDENTIFICADORES DE HUELLAS DACTILARES, CRONoGRAFOS APARATOS DE REGISTRO DE TIEMPO ,APARATOS DE REGISTRO DE TIEMPO.', 248),
('MS', '41int', 'Servicios de entretenimiento, suministro (provision) de informacion de noticias, suministro (provision) de noticias e informacion deportiva, resultados deportivos, estadisticas deportivas, pronosticos de apuestas, informacion sobre atletas, informacion sobre deportes de fantasia (fantasy sports), informacion sobre competiciones deportivas, comentarios, videos deportivos, television deportiva, eventos deportivos en directo y otras informaciones sobre temas de deportes, servicios de entretenimiento, en particular, provision (suministro) de programas de television en curso en el ambito de los deportes a traves de una red de computadora, servicios de entretenimiento, a saber, produccion y distribucion de programas de television en curso (ongoing television) en el ambito de deportes a traves de una red informatica, servicios de entretenimiento, incluyendo, servicios de produccion y distribucion de programas de television en curso (ongoing television) en el ambito deportivo, suministro (provision) de juegos de computadoras, juegos interactivos y videojuegos no descargables.', 249),
('MP', '19int', 'MATERIALES DE CONSTRUCCIoN NO METaLICOS, COMPUESTOS DE MASILLA, MATERIALES Y ELEMENTOS DE CONSTRUCCIoN Y CONSTRUCCIoN A BASE DE ARENA, PIEDRA, ROCA, ARCILLA, MINERALES Y CONCRETO, MORTERO DE REVESTIMIENTO, MORTERO, REVESTIMIENTOS NO METaLICOS PARA CONSTRUCCIoN Y EDIFICACIoN, MATERIALES DE REVESTIMIENTO (NO METaLICOS), YESO PARA USO EN CERaMICA, RODAPIeS FRISOS NO METaLICOS, BALDOSAS NO METaLICAS PARA LA CONSTRUCCIoN, MOSAICOS PARA LA CONSTRUCCIoN, CONCRETO, RECUBRIMIENTOS IMPERMEABILIZANTES CEMENTOSOS, AGLUTINANTES Y SOLERAS PREMEZCLADAS PARA HACER SUBSUELOS ANTES DE COLOCAR LOS PISOS, MORTEROS PREMEZCLADOS PARA RESTAURAR CONCRETO Y MAMPOSTERiA, EMPLASTOS.', 250),
('MP', '11int', 'APARTOS DE DISTRIBUCION DE AGUA, INSTALACIONES SANITARIAS Y APARATOS DESIFECTANTES', 251),
('MP', '25int', 'DISE  AR Y REALIZAR TODO TIPO DE PRENDAS DE VESTIR, CALZADOS, ARTiCULOS DE SOMBRERIA, JEANS Y UNIFORMES PARA DAMAS Y CABALLEROS', 252),
('MS', '35int', 'PUBLICIDAD, MARKETING y AGRUPAMIENTO POR CUENTA DE TERCEROS, DE APARATOS DE AIRE ACONDICIONADO, APARATOS DE REFRIGERACIoN, ARTiCULOS DE FERRETERiA, APARATOS DE LiNEA BLANCA Y MARRoN, ARTEFACTOS ELeCTRICOS Y ELECTRODOMeSTICOS, PARA QUE LOS CONSUMIDORES PUEDAN VERLOS Y ADQUIRIRLOS CON COMODIDAD A TRAVeS DE COMERCIOS MINORISTAS Y MAYORISTAS, DISTRIBUIDORES AUTOMaTICOS, CATaLOGOS DE VENTA POR CORRESPONDENCIA O MEDIOS DE COMUNICACIoN ELECTRoNICOS TALES COMO SITIOS WEB O PROGRAMAS DE TELEVENTA.', 253),
('MS', '35int', 'SERVICIOS FINANCIEROS', 254),
('MP', '5int', 'PRODUCTOS FARMACeUTICOS, PREPARACIONES PARA USO MeDICO Y VETERINARIO, PRODUCTOS HIGIeNICOS Y SANITARIOS PARA USO MeDICO, ALIMENTOS Y SUSTANCIAS DIETeTICAS PARA USO MeDICO O VETERINARIO, ALIMENTOS PARA BEBeS, SUPLEMENTOS ALIMENTICIOS PARA PERSONAS O ANIMALES, EMPLASTOS, MATERIAL PARA APoSITOS, MATERIAL PARA EMPASTES E IMPRESIONES DENTALES, DESINFECTANTES, PREPARACIONES PARA ELIMINAR ANIMALES DA  INOS, FUNGICIDAS, HERBICIDAS.', 255),
('MP', '11int', 'APARATOS E INSTALACIONES DE ALUMBRADO, CALEFACCIoN, ENFRIAMIENTO, PRODUCCIoN DE VAPOR, COCCIoN, SECADO, VENTILACIoN Y DISTRIBUCIoN DE AGUA, ASi COMO INSTALACIONES SANITARIAS, NEVERAS, AIRE ACONDICIONADO, SECADORA PARA ROPA, MICROONDAS, HORNO, VENTILADOR, LAMPARA, COCINAS, CALENTADOR DE AGUA, ARTEFACTOS SANITARIOS Y ACCESORIOS.', 256),
('MP', '29int', 'ATuN EN LATA, ATuN EN ACEITE, ATuN (EN CONSERVA), ATuN (PESCADO), ATuN (PESCADO NO VIVO).', 257),
('MS', '35int', 'SERVICIOS DE ALQUILER DE SISTEMAS DE PUNTO DE VENTA ELECTRoNICO, GESTIoN DE NEGOCIOS COMERCIALES DE PUNTOS DE VENTA AL MAYOR Y DETAL, PROMOCIoN DE LA VENTA DE PRODUCTOS Y SERVICIOS DE TERCEROS MEDIANTE LA CONCESIoN DE PUNTOS DE COMPRA POR EL USO DE TARJETA DE CReDITO, PROMOCIoN DE VENTAS EN PUNTOS DE COMPRA O DE VENTAS, PARA TERCEROS, ASISTENCIA EN LA ADMINISTRACIoN COMERCIAL A TRAVeS DE LA SUPERVISION DE PUNTOS DE VENTA PROMOCIONALES.', 258),
('MP', '5int', 'PRODUCTOS FARMACeUTICOS.', 259),
('MP', '9int', 'Aparatos e instrumentos cientificos, de investigacion, de navegacion, geodesicos, fotograficos, cinematograficos, audiovisuales, opticos, de pesaje, de medicion, de se  alizacion, de deteccion, de pruebas, de inspeccion, de salvamento y de ense  anza, aparatos e instrumentos de conduccion, distribucion, transformacion, acumulacion, regulacion o control de la distribucion o del consumo de electricidad, aparatos e instrumentos de grabacion, transmision, reproduccion o tratamiento de sonidos, imagenes o datos, soportes grabados o descargables, software, soportes de registro y almacenamiento digitales o analogos virgenes, mecanismos para aparatos que funcionan con monedas, cajas registradoras, dispositivos de calculo, ordenadores y perifericos de ordenador, trajes de buceo, mascaras de buceo, tapones auditivos para buceo, pinzas nasales para submarinistas y nadadores, guantes de buceo, aparatos de respiracion para la natacion subacuatica, extintores.', 260),
('MS', '41int', 'EDUCACIoN, FORMACIoN, SERVICIOS DE ENTRETENIMIENTO, ACTIVIDADES DEPORTIVAS Y CULTURALES. LA ORGANIZACIoN DE EXPOSICIONES CON FINES CULTURALES O EDUCATIVOS, LA ORGANIZACIoN Y LA DIRECCIoN DE CONFERENCIAS, CONGRESOS Y SIMPOSIOS, LA PUBLICACIoN DE LIBROS Y TEXTOS, QUE NO SEAN TEXTOS PUBLICITARIOS,LOS SERVICIOS DE REPORTEROS, LOS REPORTAJES FOTOGRaFICOS,LOS SERVICIOS FOTOGRaFICOS,LA REALIZACIoN Y LA PRODUCCIoN DE PELiCULAS NO PUBLICITARIAS,LOS SERVICIOS CULTURALES, EDUCATIVOS Y RECREATIVOS PRESTADOS POR PARQUES DE ATRACCIONES, CIRCOS, ZOOS, GALERiAS DE ARTE Y MUSEOS,LOS SERVICIOS DE ENTRENAMIENTO DEPORTIVO Y PARA EL MANTENIMIENTO FiSICO, LA RESERVA DE ENTRADAS Y LOS SERVICIOS DE RESERVA PARA EVENTOS EDUCATIVOS, DEPORTIVOS Y DE ENTRETENIMIENTO, ALQUILER DE CAMPOS DE DEPORTE, ORGANIZACIoN Y DIRECCIoN DE EVENTOS DEPORTIVOS, LIGA DEPORTIVA.', 261),
('NC', '46int', 'FEDERACION PRIVADA DE DEPORTE ENCARGADA DE GESTIONAR Y ADMINISTRAR LA LIGA DE FUTBOL NACIONAL, ORGANIZACION DE EVENTOS DEPORTIVOS.', 262),
('MP', '12int', 'VEHiCULOS, APARATOS DE LOCOMOCIoN POR TIERRA, AIRE O AGUA', 263),
('MS', '43int', 'SERVICIOS DE RESTAURACIoN (RESTAURANTE).', 264),
('MP', '8int', 'HERRAMIENTAS E INSTRUMENTOS DE MANO IMPULSADOS MANUALMENTE, CUCHILLERiA, TENEDORES Y CUCHARAS, ARMAS BLANCAS, MAQUINILLAS DE AFEITAR.', 265),
('MP', '12int', 'VEHiCULOS UTILITARIOS DEPORTIVOS, AUTOS ELeCTRICOS, AUTOS DE CARRERAS, VEHiCULOS POLIVALENTES, FURGONETAS, AUTOBUSES, COCHECITO LATERAL DE UNA MOTOCICLETA, AUTOS DE PASAJEROS (AUTOMoVILES), AUTOS DE PASAJEROS PARA MaS DE 7 PASAJEROS, PIEZAS Y ACCESORIOS PARA AUTOMoVILES, NEUMaTICOS PARA AUTOMoVILES, TRACTORES, CAMIONES, CAMIONETAS, MOTORES PARA AUTOMoVILES, EJES PARA VEHiCULOS, MOTORES PARA VEHiCULOS TERRESTRES, DISPOSITIVOS DE FRENADO PARA VEHiCULOS. (PRODUCTOS NACIONALES YO EXTRANJEROS).', 266),
('MP', '17int', 'EMPAQUETADURAS.', 267),
('MP', '5int', 'PRODUCTOS FARMACeUTICOS, PRODUCTOS VETERINARIOS, PREPARACIONES QUiMICAS PARA USO MeDICO, PREPARACIONES VITAMiNICAS, SUPLEMENTOS NUTRICIONALES, SUPLEMENTOS ALIMENTICIOS MINERALES, SUPLEMENTOS DIETeTICOS PARA USO MeDICO, COMPLEMENTOS DIETeTICOS Y NUTRITIVOS.', 268),
('MS', '44int', 'SERVICIOS MeDICOS, SERVICIOS VETERINARIOS, TRATAMIENTOS DE HIGIENE Y DE BELLEZA PARA PERSONAS O ANIMALES, SERVICIOS DE AGRICULTURA, ACUICULTURA, HORTICULTURA Y SILVICULTURA.', 269),
('MP', '11int', 'APARATOS E INSTALACIONES DE ALUMBRADO, CALEFACCIoN, ENFRIAMIENTO, PRODUCCIoN DE VAPOR, COCCIoN, SECADO, VENTILACIoN Y DISTRIBUCIoN DE AGUA, ASi COMO INSTALACIONES SANITARIAS.', 270),
('MP', '1int', 'Hidrocarburos.', 271),
('MP', '7int', 'ELECTRODOS REVESTIDOS PARA SOLDADURA MANUAL AL ARCO ELeCTRICO.', 272),
('MP', '3int', 'PRODUCTOS COSMeTICOS Y PREPARACIONES DE TOCADOR NO MEDICINALES,DENTiFRICOS NO MEDICINALES, PRODUCTOS DE PERFUMERiA, ACEITESESENCIALES, PREPARACIONES PARA BLANQUEAR Y OTRAS SUSTANCIAS PARALAVAR LA ROPA, PREPARACIONES PARA LIMPIAR, PULIR, DESENGRASAR Y RASPAR.', 273),
('MP', '5int', 'PRODUCTOS FARMACeUTICOS, PREPARACIONES PARA USO MeDICO Y VETERINARIO, PRODUCTOS HIGIeNICOS Y SANITARIOS PARA USO MeDICO, ALIMENTOS Y SUSTANCIAS DIETeTICAS PARA USO MeDICO O VETERINARIO, ALIMENTOS PARA BEBeS, SUPLEMENTOS ALIMENTICIOS PARA PERSONAS O ANIMALES, EMPLASTOS, MATERIAL PARA APoSITOS, MATERIAL PARA EMPASTES E IMPRESIONES DENTALES, DESINFECTANTES, PREPARACIONES PARA ELIMINAR ANIMALES DA  INOS, FUNGICIDAS, HERBICIDAS.', 274),
('MS', '36int', 'SUMINISTRO DE INFORMACIoN EN LOS CAMPOS DE DIVISAS, PRODUCTOS BaSICOS, DERIVADOS FINANCIEROS, PRODUCTOS DE TASAS DE INTEReS Y ACCIONES A TRAVeS DE LOS SISTEMAS DE INTERNET E INTRANET, PRESTACIoN DE SERVICIOS FINANCIEROS, TALES COMO, PReSTAMOS PARA VEHiCULOS DE MOTOR, SERVICIOS DE FINANCIACIoN, FINANCIACIoN PARA VEHiCULOS DE MOTOR, PReSTAMOS BASADOS EN ACTIVOS, PReSTAMOS DE FLUJO DE EFECTIVO COMERCIAL, FINANCIACIoN ESTRUCTURADA, SERVICIOS DE PReSTAMOS AL CONSUMIDOR, SERVICIOS DE PReSTAMOS SOBRE TiTULOS DE VEHiCULOS Y PReSTAMOS ROTATIVOS, SERVICIOS DE SEGUROS, TALES COMO, SUSCRIPCIoN DE SEGUROS Y ADMINISTRACIoN DE RECLAMACIONES DE CONTRATOS DE SERVICIO EXTENDIDO DE VEHiCULOS DE MOTOR PARA LA REPARACIoN Y MANTENIMIENTO DE VEHiCULOS DE MOTOR, INFORMACIoN FINANCIERA PROVISTA POR MEDIOS ELECTRoNICOS Y DE AUDIO, PROPORCIONAR INFORMACIoN DE LA CUENTA BANCARIA DEL CLIENTE A TRAVeS DE CONSULTAS AUTOMATIZADAS CONTROLADAS POR VOZ, SERVICIOS DE GARANTiA EXTENDIDA, TALES COMO, CONTRATOS DE SERVICIO, SERVICIOS DE BANCA Y PReSTAMOS HIPOTECARIOS INMOBILIARIOS, CREACIoN, ADQUISICIoN, SERVICIO, ASEGURAMIENTO Y CORRETAJE DE PReSTAMOS HIPOTECARIOS, CREACIoN Y FINANCIAMIENTO DE PReSTAMOS A TRAVeS DE UNA RED GLOBAL DE COMUNICACIONES, PReSTAMOS CON GARANTiA HIPOTECARIA, SERVICIOS DE GESTIoN DE PATRIMONIOS, SERVICIOS DE INVERSIoN ESTRATeGICA, TALES COMO, SERVICIOS DE EVALUACIoN DE RIESGOS DE INVERSIoN ESTRATeGICA, SERVICIOS DE ASESORAMIENTO DE INVERSIoN FINANCIERA CORPORATIVA ESTRATeGICA, SERVICIOS DE CAPITAL DE RIESGO, TALES COMO, SERVICIOS DE ASESORAMIENTO DE CAPITAL DE RIESGO, QUE PROPORCIONAN FINANCIACIoN A EMPRESAS EMERGENTES Y DE NUEVA CREACIoN, SERVICIOS BANCARIOS Y FINANCIEROS, SERVICIOS DE BANCA EN LiNEA, SERVICIOS DE BANCA EN LiNEA ACCESIBLES MEDIANTE APLICACIONES MoVILES DESCARGABLES, SERVICIOS DE TARJETAS DE DeBITO EN LiNEA, TALES COMO, CONTROL DE TRANSACCIONES, SALDOS DE CUENTAS, GASTOS Y ALERTAS ELECTRoNICAS RELACIONADAS CON LOS GASTOS, TODOS ACCESIBLES MEDIANTE APLICACIONES MoVILES DESCARGABLES, FINANCIACIoN DE INVENTARIO DE CONCESIONARIOS DE AUTOMoVILES, PReSTAMOS DE FINANCIACIoN PARA CONCESIONARIOS DE AUTOMoVILES Y PEQUE  AS EMPRESAS, PROPORCIONAR INFORMACIoN EN LOS CAMPOS DE GESTIoN DE FINANZAS PERSONALES Y EDUCACIoN FINANCIERA, FINANCIACIoN DE ARRENDAMIENTO DE AUTOMoVILES.', 275),
('MP', '9int', 'RELOJES INTELIGENTES, RELOJES DE CONTROL HORARIO, RELOJES DE ARENA. PALABRA DE FANTASIA', 276),
('MP', '19int', 'MATERIALES DE CONSTRUCCIoN, CEMENTO, CAL Y MORTEROS.', 277),
('MS', '38int', 'Telecomunicaciones, programas de radio y television, cable satelite, agencia de prensa, correo, mensajeria, mensajeria electronica, internet, internet e mail, web site, motor, busqueda informacion, servidor, telefono, correo, dise  o y montaje de paginas web, informacion y asesoria.', 278),
('MP', '31int', 'FLORES NATURALES, ARREGLOS DE FLORES FRESCAS, RAMO DE FLORES, FLORES FRESCAS.', 279),
('MP', '30int', 'CAFe, Te, CACAO Y SUCEDaNEOS DEL CAFe.', 280),
('MP', '29int', 'FRUTOS, LEGUMBRES SECOS, COCIDOS Y EN CONSERVA, GELATINA, MERMELADAS, COMPOTAS Y JALEAS.', 281),
('MP', '25int', 'ARTiCULOS DE SOMBRERERiA, CALZADO, PARTES DE INDUMENTARIA, CALZADO Y SOMBRERERiA, PRENDAS DE VESTIR.', 282),
('MP', '9int', 'BATERiAS ELeCTRICAS PARA VEHiCULOS, BATERIAS PARA AUTOMoVILES, CARGADORES PARA ACUMULADORES ELeCTRICOS, SEPARADORES DE BATERiAS, BATERiA DE ION DE LITIO, BATERiAS SECUNDARIAS DE LITIO, BATERiAS ELeCTRICAS, VASOS DE ACUMULADORES, VASOS DE BATERiAS, ACUMULADORES ELeCTRICOS PARA VEHiCULOS.', 283),
('NC', '46int', 'EXPLOTACION DE LA INDUSTRIA CINEMATOGRAFICA EN TODOS SUS ASPECTOS, EXHIBICION Y DISTRIBUCION DE PELICULAS', 284),
('LC', '47int', 'LEMA COMERCIAL PARA SER APLICADO A LA MARCA BANCARIBE, SOL. NO. 2014005698, REG. NO. S064738 EN CLASE 36.', 285),
('MS', '45int', 'REDES SOCIALES.', 286),
('MS', '42int', 'SERVICIOS CIENTiFICOS Y TECNOLoGICOS, ANaLISIS E INVESTIGACIoN, DISE  O Y DESARROLLO DE TECNOLOGiA MoVIL DE PUNTA.', 287),
('MP', '11int', 'REFLECTORES PARA VEHICULOS, LAMPARAS ELECTRICAS, LAMPARAS DE SEGURIDAD, BOMBILLAS ELECTRICAS', 288),
('MP', '24int', 'TEJIDOS Y SUCEDaNEOS DE LOS TEJIDOS, TEJIDOS RECUBIERTOS, TEJIDOS PARA CONFECCIONAR PRENDAS DE VESTIR, TEJIDOS IMPERMEABLES PARA LA CONFECCIoN DE PRENDAS DE VESTIR, TEJIDOS PARA LA CONFECCIoN DE ROPA DEPORTIVA, PIEZAS TEXTILES IMPERMEABILIZADAS.', 289),
('MS', '41int', 'DISTINGUE (CLASE 41): SERVICIOS ACADeMICOS O DE EDUCACIoN EN CUALQUIER aMBITO Y FORMATO, SERVICIOS CULTURALES Y RECREATIVOS, ORGANIZACIoN Y DIRECCIoN DE SEMINARIOS, CERTIFICACIONES EDUCATIVAS, SUMINISTRO DE FORMACIoN Y EXaMENES PEDAGoGICOS, ORGANIZACIoN Y DIRECCIoN DE TALLERES EDUCATIVOS, TRANSFERENCIA DE CONOCIMIENTOS ESPECIALIZADOS, SERVICIOS DE TUTORiA E INSTRUCCIoN, ORGANIZACIoN Y DIRECCIoN DE CONFERENCIAS,ORGANIZACIoN Y DIRECCIoN DE CONGRESOS, FORMACIoN PRaCTICA Y DEMOSTRATIVA, SESIONES INDIVIDUALES O GRUPALES DE MENTORiA SOBRE TEMAS ESPECiFICOS, DESARROLLO DE CURSOS Y PROGRAMAS DIGITALES EN VIVO O POR DEMANDA.', 290),
('NC', '46int', 'EMPRESA DEDICADA A LA COMPRA, VENTA, FABRICACIoN, DISTRIBUCIoN, IMPORTACIoN Y EXPORTACIoN DE SUSTANCIAS QUiMICAS DE USO INDUSTRIAL, GASES REFRIGERANTES, ADITIVOS DESTINADOS A LA INDUSTRIA, CONSERVADORES QUiMICOS, REACTIVOS QUiMICOS.', 291),
('MP', '5int', 'PRODUCTOS FARMACeUTICOS, PREPARACIONES PARA USO MeDICO Y VETERINARIO, PRODUCTOS HIGIeNICOS Y SANITARIOS PARA USO MeDICO, ALIMENTOS Y SUSTANCIAS DIETeTICAS PARA USO MeDICO O VETERINARIO, ALIMENTOS PARA BEBeS, SUPLEMENTOS ALIMENTICIOS PARA PERSONAS O ANIMALES, EMPLASTOS, MATERIAL PARA APoSITOS, MATERIAL PARA EMPASTES E IMPRESIONES DENTALES, DESINFECTANTES, PREPARACIONES DE VITAMINAS, VITAMINAS, COMPLEMENTOS NUTRICIONALES QUE CONTIENEN VITAMINAS Y MINERALES, COMPRIMIDOS VITAMiNICOS EFERVESCENTES, PASTILLAS DE VITAMINAS, SUPLEMENTOS DIETeTICOS DE aCIDO FoLICO, COMPLEJOS VITAMiNICOS, SUPLEMENTOS NUTRICIONALES, MULTIVITAMiNICOS, PREPARACIONES MULTIVITAMiNICAS, JALEA REAL PARA USO FARMACeUTICO, COMPLEMENTOS ALIMENTICIOS A BASE DE JALEA REAL, JARABES PARA USO FARMACeUTICO, COMPLEMENTOS MINERALES NUTRICIONALES.', 292),
('MP', '30int', 'CAFe, Te, CACAO Y SUS SUCEDaNEOS, ARROZ, PASTAS ALIMENTICIAS Y FIDEOS, TAPIOCA Y SAGu, HARINAS Y PREPARACIONES A BASE DE CEREALES, PAN, PRODUCTOS DE PASTELERiA Y CONFITERiA, CHOCOLATE, HELADOS CREMOSOS, SORBETES Y OTROS HELADOS, AZuCAR, MIEL, JARABE DE MELAZA, LEVADURA, POLVOS DE HORNEAR, SAL, PRODUCTOS PARA SAZONAR, ESPECIAS, HIERBAS EN CONSERVA, VINAGRE, SALSAS Y OTROS CONDIMENTOS, HIELO.', 293),
('MP', '4int', 'VELAS AROMATICAS. VELAS PARA ARBOLES DE NAVIDAD. VELAS PERFUMADAS. VELAS PARA ILUMINACION Y DECORACION. VELONES. MECHAS DE ILUMINACION.', 294),
('LC', '47int', 'SERA APLICADO EL LEMA A LA SOLICITUD 20248934', 295),
('MS', '41int', 'ORGANIZACIoN DE ESPECTaCULOS, COMPETENCIAS DEPORTIVAS, EVENTOS DEPORTIVOS Y ACTIVIDADES CULTURALES, ORGANIZACIoN DE CONFERENCIAS, COLOQUIOS Y CONGRESOS. ACTIVIDADES PARA LA PROMOCIoN DEL DEPORTE, ESPARCIMIENTO Y ENTRETENIMIENTO.', 296),
('MP', '25int', 'CALZADO, PRENDAS DE VESTIR, TALES COMO, JERSeIS, PANTALONES, PANTALONES CORTOS, CAMISETAS, CAMISAS, SUDADERAS, SUDADERAS CON CAPUCHA, PANTALONES DEPORTIVOS, CHALECOS, CAMISETAS SIN MANGAS, CHaNDALES (MONOS DEPORTIVOS), CHAQUETAS, ANORAKS (PARKA), ABRIGOS, ROPA INTERIOR, CINTURONES, SUJETADORES DEPORTIVOS, CALCETINES, MU  EQUERAS, CINTAS PARA LA CABEZA, SOMBREROS, GORROS, GORRAS, VISERAS, BANDAS PARA EL SUDOR, SUeTERES, FALDAS, VESTIDOS, BUFANDAS, GUANTES, ROPA DEPORTIVA, UNIFORMES DEPORTIVOS, MALLAS DEPORTIVAS, ROPA PARA USO DEPORTIVO, CALZADO Y PRENDAS QUE INCORPORAN TECNOLOGiA DE COMUNICACIoN DE CAMPO CERCANO (NFC).', 297),
('MS', '41int', 'ACADEMIAS, ORGANIZACIoN Y DIRECCIoN DE CONGRESOS Y CONFERENCIAS, EDUCACIoN, ENSE  ANZA E INSTRUCCIoN RELIGIOSA, ASOCIACIONES CIVILES, INSTITUCIONES FILOSoFICAS, GRUPO DE AMISTAD, INSTITUCION.', 298),
('NC', '46int', 'LA COMPA  iA SE DEDICA A LA EXPLOTACIoN COMERCIAL DE COMBUSTIBLES FoSILES, PRINCIPALMENTE GAS, ASi COMO LA REALIZACIoN DE TODAS LAS ACTIVIDADES RELACIONADAS.', 299),
('MS', '35int', 'SERVICIOS PUBLICITARIOS EN ESPECIFICO LO QUE SE REFIERE A SERVICIOS DE PUBLICIDAD ENTRE EMPRESAS, SERVICIOS DE ANaLISIS PUBLICITARIO, ALQUILER DE TIEMPO PUBLICITARIO, SERVICIOS DE PUBLICIDAD DIGITAL, DIFUSIoN DE PUBLICIDAD PARA TERCEROS A TRAVeS DE REDES INALaMBRICAS, INTERNET, CABLE, SATeLITE Y REDES DE COMPUTACIoN MUNDIALES, REGIONALES Y LOCALES, SERVICIOS DE PUBLICIDAD, MERCADEO Y PROMOCIoN EN LiNEA E INTERNET, SUMINISTRO DE ESPACIO EN DISPOSITIVOS MoVILES, APLICACIONES DE SOFTWARE Y SITIOS WEB PARA PUBLICITAR BIENES Y SERVICIOS, SERVICIOS DE SITIOS DE COMPRAS MINORISTAS EN LiNEA Y POR INTERNET CON CONTENIDO DESCARGABLE O TRANSMISIoN AUDIOVISUAL EN LOS CAMPOS DE NOTICIAS, ENTRETENIMIENTO, DEPORTES, COMEDIA, DRAMA, MuSICA Y VIDEOS MUSICALES, SERVICIOS DE FIDELIDAD PARA CLIENTES Y SERVICIOS DE CLUB DE CLIENTES, CON FINES COMERCIALES, PROMOCIONALES, PUBLICITARIOS Y DE PARTICIPACIoN DEL CLIENTE.', 300);

INSERT INTO solicitud (numero_solicitud, fecha, marca) VALUES
('2022-000136', '2022-01-10', 1),
('2022-000161', '2022-01-11', 2),
('2022-000292', '2022-01-17', 3),
('2022-000347', '2022-01-18', 4),
('2022-000454', '2022-01-24', 5),
('2022-000481', '2022-01-24', 6),
('2022-000488', '2022-01-24', 7),
('2022-000503', '2022-01-25', 8),
('2022-000581', '2022-01-26', 9),
('2022-000785', '2022-02-01', 10),
('2022-000786', '2022-02-01', 11),
('2022-000980', '2022-02-07', 12),
('2022-001014', '2022-02-08', 13),
('2022-001219', '2022-02-15', 14),
('2022-001372', '2022-02-18', 15),
('2022-001438', '2022-02-22', 16),
('2022-001447', '2022-02-23', 17),
('2022-001457', '2022-02-23', 18),
('2022-001498', '2022-02-23', 19),
('2022-001503', '2022-02-24', 20),
('2022-001517', '2022-02-24', 21),
('2022-001545', '2022-02-24', 22),
('2022-001546', '2022-02-24', 23),
('2022-001584', '2022-02-24', 24),
('2022-001643', '2022-02-25', 25),
('2022-001737', '2022-03-04', 26),
('2022-001810', '2022-03-07', 27),
('2022-001912', '2022-03-10', 28),
('2022-001956', '2022-03-10', 29),
('2022-001963', '2022-03-10', 30),
('2022-002020', '2022-03-11', 31),
('2022-002028', '2022-03-11', 32),
('2022-002044', '2022-03-11', 33),
('2022-002118', '2022-03-15', 34),
('2022-002151', '2022-03-16', 35),
('2022-002165', '2022-03-16', 36),
('2022-002378', '2022-03-22', 37),
('2022-002442', '2022-03-22', 38),
('2022-002460', '2022-03-23', 39),
('2022-002686', '2022-03-29', 40),
('2022-002734', '2022-03-30', 41),
('2022-002792', '2022-03-31', 42),
('2022-003195', '2022-04-11', 43),
('2022-003339', '2022-04-20', 44),
('2022-003370', '2022-04-20', 45),
('2022-003383', '2022-04-20', 46),
('2022-003549', '2022-04-25', 47),
('2022-003661', '2022-04-28', 48),
('2022-003819', '2022-05-03', 49),
('2022-003975', '2022-05-10', 50),
('2022-003997', '2022-05-11', 51),
('2022-004033', '2022-05-11', 52),
('2022-004053', '2022-05-11', 53),
('2022-004216', '2022-05-16', 54),
('2022-004218', '2022-05-16', 55),
('2022-004219', '2022-05-16', 56),
('2022-004226', '2022-05-16', 57),
('2022-004236', '2022-05-17', 58),
('2022-004260', '2022-05-17', 59),
('2022-004765', '2022-06-01', 60),
('2022-005027', '2022-06-08', 61),
('2022-005122', '2022-06-10', 62),
('2022-005313', '2022-06-16', 63),
('2022-005334', '2022-06-16', 64),
('2022-005383', '2022-06-20', 65),
('2022-005555', '2022-06-27', 66),
('2022-005605', '2022-06-28', 67),
('2022-005675', '2022-06-30', 68),
('2022-005749', '2022-07-01', 69),
('2022-005782', '2022-07-01', 70),
('2022-005862', '2022-07-06', 71),
('2022-005969', '2022-07-08', 72),
('2022-006045', '2022-07-11', 73),
('2022-006051', '2022-07-11', 74),
('2022-006130', '2022-07-13', 75),
('2022-006272', '2022-07-15', 76),
('2022-006518', '2022-07-21', 77),
('2022-006639', '2022-07-26', 78),
('2022-006947', '2022-08-02', 79),
('2022-007064', '2022-08-04', 80),
('2022-007272', '2022-08-11', 81),
('2022-007277', '2022-08-11', 82),
('2022-007604', '2022-08-18', 83),
('2022-007939', '2022-08-26', 84),
('2022-007944', '2022-08-26', 85),
('2022-008083', '2022-09-01', 86),
('2022-008198', '2022-09-07', 87),
('2022-008203', '2022-09-07', 88),
('2022-008212', '2022-09-07', 89),
('2022-008233', '2022-09-07', 90),
('2022-008247', '2022-09-07', 91),
('2022-008292', '2022-09-09', 92),
('2022-008319', '2022-09-09', 93),
('2022-008511', '2022-09-16', 94),
('2022-008610', '2022-09-20', 95),
('2022-008662', '2022-09-21', 96),
('2022-008812', '2022-09-27', 97),
('2022-009083', '2022-10-06', 98),
('2022-009112', '2022-10-07', 99),
('2022-009512', '2022-10-21', 100),
('2022-009520', '2022-10-21', 101),
('2022-009630', '2022-10-26', 102),
('2023-000002', '2023-01-05', 103),
('2023-000016', '2023-01-05', 104),
('2023-000106', '2023-01-06', 105),
('2023-000166', '2023-01-10', 106),
('2023-000191', '2023-01-10', 107),
('2023-000228', '2023-01-10', 108),
('2023-000277', '2023-01-11', 109),
('2023-000427', '2023-01-17', 110),
('2023-000595', '2023-01-23', 111),
('2023-000603', '2023-01-23', 112),
('2023-001213', '2023-02-13', 113),
('2023-001290', '2023-02-15', 114),
('2023-001320', '2023-02-16', 115),
('2023-001378', '2023-02-17', 116),
('2023-001718', '2023-03-02', 117),
('2023-001798', '2023-03-07', 118),
('2023-001867', '2023-03-08', 120),
('2023-001951', '2023-03-10', 121),
('2023-001981', '2023-03-10', 122),
('2023-001982', '2023-03-10', 123),
('2023-002094', '2023-03-15', 124),
('2023-002125', '2023-03-16', 125),
('2023-002215', '2023-03-20', 126),
('2023-002412', '2023-03-23', 127),
('2023-002471', '2023-03-24', 128),
('2023-002555', '2023-03-28', 129),
('2023-002739', '2023-03-30', 130),
('2023-002766', '2023-03-31', 131),
('2023-002860', '2023-04-04', 132),
('2023-002864', '2023-04-04', 133),
('2023-002917', '2023-04-10', 134),
('2023-002993', '2023-04-12', 135),
('2023-003045', '2023-04-12', 136),
('2023-003168', '2023-04-17', 137),
('2023-003316', '2023-04-20', 138),
('2023-003457', '2023-04-26', 139),
('2023-003503', '2023-04-27', 140),
('2023-003524', '2023-04-27', 141),
('2023-003689', '2023-05-04', 142),
('2023-003754', '2023-05-05', 143),
('2023-003797', '2023-05-09', 144),
('2023-003881', '2023-05-10', 145),
('2023-004089', '2023-05-16', 146),
('2023-004090', '2023-05-16', 147),
('2023-004112', '2023-05-16', 148),
('2023-004122', '2023-05-16', 149),
('2023-004160', '2023-05-17', 150),
('2023-004447', '2023-05-25', 151),
('2023-004719', '2023-06-05', 152),
('2023-004794', '2023-06-08', 153),
('2023-004899', '2023-06-13', 154),
('2023-004956', '2023-06-14', 155),
('2023-005259', '2023-06-22', 156),
('2023-005319', '2023-06-26', 157),
('2023-005349', '2023-06-27', 158),
('2023-005353', '2023-06-27', 159),
('2023-005521', '2023-07-03', 160),
('2023-005538', '2023-07-03', 161),
('2023-005789', '2023-07-11', 162),
('2023-005822', '2023-07-12', 163),
('2023-005839', '2023-07-12', 164),
('2023-006036', '2023-07-17', 165),
('2023-006074', '2023-07-18', 166),
('2023-006176', '2023-07-19', 167),
('2023-006384', '2023-07-25', 168),
('2023-006527', '2023-07-27', 169),
('2023-006642', '2023-08-01', 170),
('2023-006692', '2023-08-01', 171),
('2023-006946', '2023-08-08', 172),
('2023-007169', '2023-08-16', 173),
('2023-007359', '2023-08-21', 174),
('2023-007370', '2023-08-22', 175),
('2023-007420', '2023-08-23', 176),
('2023-007470', '2023-08-24', 177),
('2023-007476', '2023-08-24', 178),
('2023-007572', '2023-08-28', 179),
('2023-007614', '2023-08-29', 180),
('2023-007722', '2023-09-05', 181),
('2023-008002', '2023-09-14', 182),
('2023-008003', '2023-09-14', 183),
('2023-008010', '2023-09-14', 184),
('2023-008205', '2023-09-21', 185),
('2023-008286', '2023-09-25', 186),
('2023-008291', '2023-09-26', 187),
('2023-008354', '2023-09-26', 188),
('2023-008657', '2023-10-04', 189),
('2023-008677', '2023-10-04', 190),
('2023-008927', '2023-10-13', 191),
('2023-009040', '2023-10-17', 192),
('2023-009247', '2023-10-20', 193),
('2023-009386', '2023-10-25', 194),
('2023-009409', '2023-10-25', 195),
('2023-009487', '2023-10-30', 196),
('2023-009541', '2023-10-31', 197),
('2023-009612', '2023-11-02', 198),
('2023-009789', '2023-11-07', 199),
('2023-009931', '2023-11-09', 200),
('2023-009999', '2023-11-13', 201),
('2024-000059', '2024-01-10', 202),
('2024-000191', '2024-01-11', 203),
('2024-000425', '2024-01-22', 204),
('2024-000663', '2024-01-25', 205),
('2024-000709', '2024-01-26', 206),
('2024-000902', '2024-02-01', 207),
('2024-000919', '2024-02-01', 208),
('2024-000970', '2024-02-02', 209),
('2024-000983', '2024-02-02', 210),
('2024-001107', '2024-02-07', 211),
('2024-001117', '2024-02-07', 212),
('2024-001240', '2024-02-09', 213),
('2024-001327', '2024-02-15', 214),
('2024-001377', '2024-02-19', 215),
('2024-001415', '2024-02-20', 216),
('2024-001548', '2024-02-22', 217),
('2024-001716', '2024-02-28', 218),
('2024-001777', '2024-03-01', 219),
('2024-001796', '2024-03-01', 220),
('2024-001987', '2024-03-07', 221),
('2024-001997', '2024-03-07', 222),
('2024-002137', '2024-03-12', 223),
('2024-002185', '2024-03-13', 224),
('2024-002217', '2024-03-13', 225),
('2024-002221', '2024-03-13', 226),
('2024-002353', '2024-03-15', 227),
('2024-002858', '2024-03-27', 228),
('2024-002990', '2024-04-04', 229),
('2024-003060', '2024-04-05', 230),
('2024-003077', '2024-04-08', 231),
('2024-003180', '2024-04-10', 232),
('2024-003181', '2024-04-10', 233),
('2024-003243', '2024-04-11', 234),
('2024-003280', '2024-04-11', 235),
('2024-003318', '2024-04-15', 236),
('2024-003463', '2024-04-17', 237),
('2024-003557', '2024-04-22', 238),
('2024-003597', '2024-04-22', 239),
('2024-003632', '2024-04-23', 240),
('2024-003658', '2024-04-24', 241),
('2024-003934', '2024-04-30', 242),
('2024-003960', '2024-05-02', 243),
('2024-004466', '2024-05-16', 244),
('2024-004614', '2024-05-21', 245),
('2024-004796', '2024-05-28', 246),
('2024-004891', '2024-05-29', 247),
('2024-004983', '2024-05-31', 248),
('2024-005013', '2024-05-31', 249),
('2024-005030', '2024-05-31', 250),
('2024-005075', '2024-06-04', 251),
('2024-005099', '2024-06-04', 252),
('2024-005207', '2024-06-07', 253),
('2024-005286', '2024-06-11', 254),
('2024-005338', '2024-06-12', 255),
('2024-005392', '2024-06-13', 256),
('2024-005406', '2024-06-13', 257),
('2024-005412', '2024-06-13', 258),
('2024-005982', '2024-06-27', 259),
('2024-006078', '2024-07-01', 260),
('2024-006104', '2024-07-01', 261),
('2024-006140', '2024-07-01', 262),
('2024-006328', '2024-07-04', 263),
('2024-006362', '2024-07-08', 264),
('2024-006385', '2024-07-09', 265),
('2024-006419', '2024-07-09', 266),
('2024-006475', '2024-07-10', 267),
('2024-006523', '2024-07-11', 268),
('2024-006540', '2024-07-12', 269),
('2024-006650', '2024-07-15', 270),
('2024-006709', '2024-07-16', 271),
('2024-006890', '2024-07-22', 272),
('2024-006981', '2024-07-23', 273),
('2024-006984', '2024-07-23', 274),
('2024-007215', '2024-08-06', 275),
('2024-007351', '2024-08-09', 276),
('2024-007537', '2024-08-15', 277),
('2024-007778', '2024-08-22', 278),
('2024-007867', '2024-08-26', 279),
('2024-007934', '2024-08-27', 280),
('2024-007963', '2024-08-28', 281),
('2024-008038', '2024-08-29', 282),
('2024-008039', '2024-08-29', 283),
('2024-008077', '2024-09-02', 284),
('2024-008151', '2024-09-03', 285),
('2024-008330', '2024-09-09', 286),
('2024-008587', '2024-09-13', 287),
('2024-008821', '2024-09-18', 288),
('2024-009057', '2024-09-24', 289),
('2024-009191', '2024-09-26', 290),
('2024-009219', '2024-09-27', 291),
('2024-009363', '2024-10-01', 292),
('2024-009400', '2024-10-03', 293),
('2024-009404', '2024-10-03', 294),
('2024-009516', '2024-10-08', 295),
('2024-009586', '2024-10-09', 296),
('2024-009620', '2024-10-09', 297),
('2024-009782', '2024-10-14', 298),
('2024-009915', '2024-10-16', 299),
('2024-009938', '2024-10-16', 300);

-- Aqui debo agregar el insert de la tabla solicita
INSERT INTO solicita (fk_solicitud, fk_solicitante) VALUES
('2022-000136', 115),
('2022-000161', 137),
('2022-000292', 176),
('2022-000347', 176),
('2022-000454', 176),
('2022-000481', 110),
('2022-000488', 43),
('2022-000503', 40),
('2022-000581', 155),
('2022-000785', 89),
('2022-000786', 169),
('2022-000980', 145),
('2022-001014', 32),
('2022-001219', 40),
('2022-001372', 9),
('2022-001438', 3),
('2022-001447', 17),
('2022-001457', 174),
('2022-001498', 172),
('2022-001503', 66),
('2022-001517', 116),
('2022-001545', 1),
('2022-001546', 54),
('2022-001584', 162),
('2022-001643', 114),
('2022-001737', 181),
('2022-001810', 5),
('2022-001912', 79),
('2022-001956', 51),
('2022-001963', 119),
('2022-002020', 146),
('2022-002028', 78),
('2022-002044', 46),
('2022-002118', 49),
('2022-002151', 126),
('2022-002165', 109),
('2022-002378', 81),
('2022-002442', 175),
('2022-002460', 87),
('2022-002686', 192),
('2022-002734', 67),
('2022-002792', 175),
('2022-003195', 57),
('2022-003339', 43),
('2022-003370', 104),
('2022-003383', 195),
('2022-003549', 193),
('2022-003661', 161),
('2022-003819', 189),
('2022-003975', 38),
('2022-003997', 119),
('2022-004033', 34),
('2022-004053', 58),
('2022-004216', 61),
('2022-004218', 158),
('2022-004219', 135),
('2022-004226', 83),
('2022-004236', 180),
('2022-004260', 24),
('2022-004765', 30),
('2022-005027', 191),
('2022-005122', 124),
('2022-005313', 122),
('2022-005334', 56),
('2022-005383', 194),
('2022-005555', 61),
('2022-005605', 163),
('2022-005675', 20),
('2022-005749', 88),
('2022-005782', 162),
('2022-005862', 147),
('2022-005969', 71),
('2022-006045', 193),
('2022-006051', 41),
('2022-006130', 116),
('2022-006272', 115),
('2022-006518', 12),
('2022-006639', 116),
('2022-006947', 138),
('2022-007064', 200),
('2022-007272', 110),
('2022-007277', 150),
('2022-007604', 90),
('2022-007939', 143),
('2022-007944', 32),
('2022-008083', 78),
('2022-008198', 108),
('2022-008203', 180),
('2022-008212', 192),
('2022-008233', 113),
('2022-008247', 77),
('2022-008292', 40),
('2022-008319', 132),
('2022-008511', 43),
('2022-008610', 171),
('2022-008662', 8),
('2022-008812', 16),
('2022-009083', 50),
('2022-009112', 105),
('2022-009512', 192),
('2022-009520', 122),
('2022-009630', 179),
('2023-000002', 200),
('2023-000016', 44),
('2023-000106', 173),
('2023-000166', 114),
('2023-000191', 191),
('2023-000228', 187),
('2023-000277', 161),
('2023-000427', 190),
('2023-000595', 16),
('2023-000603', 159),
('2023-001213', 117),
('2023-001290', 113),
('2023-001320', 164),
('2023-001378', 10),
('2023-001718', 30),
('2023-001798', 65),
('2023-001798', 74),
('2023-001867', 35),
('2023-001951', 91),
('2023-001981', 124),
('2023-001982', 156),
('2023-002094', 106),
('2023-002125', 110),
('2023-002215', 100),
('2023-002412', 101),
('2023-002471', 11),
('2023-002555', 128),
('2023-002739', 188),
('2023-002766', 38),
('2023-002860', 106),
('2023-002864', 70),
('2023-002917', 66),
('2023-002993', 64),
('2023-003045', 32),
('2023-003168', 76),
('2023-003316', 181),
('2023-003457', 115),
('2023-003503', 23),
('2023-003524', 86),
('2023-003689', 108),
('2023-003754', 156),
('2023-003797', 28),
('2023-003881', 76),
('2023-004089', 193),
('2023-004090', 131),
('2023-004112', 15),
('2023-004122', 67),
('2023-004160', 148),
('2023-004447', 146),
('2023-004719', 5),
('2023-004794', 192),
('2023-004899', 40),
('2023-004956', 6),
('2023-005259', 91),
('2023-005319', 197),
('2023-005349', 112),
('2023-005353', 14),
('2023-005521', 5),
('2023-005538', 59),
('2023-005789', 173),
('2023-005822', 162),
('2023-005839', 54),
('2023-006036', 163),
('2023-006074', 59),
('2023-006176', 65),
('2023-006384', 77),
('2023-006527', 159),
('2023-006642', 156),
('2023-006692', 179),
('2023-006946', 21),
('2023-007169', 141),
('2023-007359', 191),
('2023-007370', 61),
('2023-007420', 68),
('2023-007470', 195),
('2023-007476', 131),
('2023-007572', 34),
('2023-007614', 123),
('2023-007722', 183),
('2023-008002', 21),
('2023-008003', 110),
('2023-008010', 64),
('2023-008205', 122),
('2023-008286', 133),
('2023-008291', 9),
('2023-008354', 55),
('2023-008657', 52),
('2023-008677', 160),
('2023-008927', 1),
('2023-009040', 138),
('2023-009247', 96),
('2023-009386', 132),
('2023-009409', 170),
('2023-009487', 40),
('2023-009541', 170),
('2023-009612', 136),
('2023-009789', 48),
('2023-009931', 23),
('2023-009999', 151),
('2024-000059', 173),
('2024-000191', 65),
('2024-000425', 101),
('2024-000663', 81),
('2024-000709', 188),
('2024-000902', 158),
('2024-000919', 154),
('2024-000970', 137),
('2024-000983', 6),
('2024-001107', 99),
('2024-001117', 133),
('2024-001240', 194),
('2024-001327', 186),
('2024-001377', 150),
('2024-001415', 152),
('2024-001548', 57),
('2024-001716', 90),
('2024-001777', 86),
('2024-001796', 92),
('2024-001987', 81),
('2024-001997', 30),
('2024-002137', 51),
('2024-002185', 141),
('2024-002217', 6),
('2024-002221', 143),
('2024-002353', 9),
('2024-002858', 171),
('2024-002990', 24),
('2024-003060', 20),
('2024-003077', 122),
('2024-003180', 54),
('2024-003181', 17),
('2024-003243', 36),
('2024-003280', 108),
('2024-003318', 74),
('2024-003463', 184),
('2024-003557', 169),
('2024-003597', 26),
('2024-003632', 123),
('2024-003658', 197),
('2024-003934', 129),
('2024-003960', 2),
('2024-004466', 57),
('2024-004614', 64),
('2024-004796', 182),
('2024-004891', 113),
('2024-004983', 98),
('2024-005013', 2),
('2024-005030', 63),
('2024-005075', 149),
('2024-005099', 162),
('2024-005207', 163),
('2024-005286', 151),
('2024-005338', 27),
('2024-005392', 190),
('2024-005406', 119),
('2024-005412', 141),
('2024-005982', 3),
('2024-006078', 153),
('2024-006104', 64),
('2024-006140', 17),
('2024-006328', 176),
('2024-006362', 148),
('2024-006385', 153),
('2024-006419', 19),
('2024-006475', 148),
('2024-006523', 87),
('2024-006540', 39),
('2024-006650', 15),
('2024-006709', 38),
('2024-006890', 136),
('2024-006981', 197),
('2024-006984', 113),
('2024-007215', 156),
('2024-007351', 121),
('2024-007537', 31),
('2024-007778', 58),
('2024-007867', 120),
('2024-007934', 16),
('2024-007963', 4),
('2024-008038', 89),
('2024-008039', 184),
('2024-008077', 122),
('2024-008151', 82),
('2024-008330', 41),
('2024-008587', 13),
('2024-008821', 154),
('2024-009057', 56),
('2024-009191', 132),
('2024-009219', 185),
('2024-009363', 126),
('2024-009400', 10),
('2024-009404', 180),
('2024-009516', 92),
('2024-009586', 5),
('2024-009620', 170),
('2024-009782', 31),
('2024-009915', 191),
('2024-009938', 160),
('2022-000292', 177),
('2022-000347', 177),
('2022-000581', 169),
('2022-006518', 18),
('2022-000292', 178);

INSERT INTO signo (tipo, nombre, marca) VALUES
('grafica', NULL, 1),
('mixta', 'H HANNA', 2),
('mixta', 'SINOCHEM', 3),
('denominativa', 'BROWNIE', 4),
('mixta', 'INDUSTRIAS JHOSDAM', 5),
('denominativa', 'JNTL CONSUMER HEALTH', 6),
('grafica', NULL, 7),
('denominativa', 'OH MY DOG', 8),
('mixta', 'LAS IDEALES', 9),
('mixta', 'RDA', 10),
('mixta', 'AIR WILLSON W1', 11),
('denominativa', 'GLAFF PHARMACEUTICALS', 12),
('mixta', 'CLINICAS CLEO', 13),
('denominativa', 'TIKTOK MUSIC', 14),
('mixta', 'A TE ENAMORA', 15),
('mixta', 'TATO', 16),
('mixta', 'MURASAKI', 17),
('mixta', 'FRANCHETTI', 18),
('denominativa', 'OLANZATIQUE', 19),
('mixta', 'BUZA CREAM', 20),
('mixta', 'TOP IGNITION', 21),
('denominativa', 'BIONTECH', 22),
('denominativa', 'BIONTECH', 23),
('grafica', NULL, 24),
('mixta', 'SOLINTEX', 25),
('denominativa', 'VENGRANO', 26),
('mixta', 'CAFE MORAN', 27),
('mixta', 'MORELLA', 28),
('denominativa', 'DICLODEX', 29),
('denominativa', 'LA FANATICA VINOTINTO', 30),
('mixta', 'GANDOUR', 31),
('mixta', 'TAWALA LEGION', 32),
('mixta', 'PAPELONYA', 33),
('mixta', 'T', 34),
('denominativa', 'APECOIN', 35),
('denominativa', 'LA DEAR', 36),
('denominativa', 'UBAI', 37),
('mixta', 'POLAR SINCE 1941', 38),
('denominativa', 'GRENDENE', 39),
('denominativa', 'RIOT GAMES', 40),
('mixta', 'NUTRI DELHI', 41),
('mixta', 'LA SALLE', 42),
('denominativa', 'ALKEGEN', 43),
('mixta', 'ARKEMA', 44),
('denominativa', 'META PORTAL', 45),
('mixta', 'ALIMENTOS TRINIDAD', 46),
('denominativa', 'VENEUSA', 47),
('mixta', 'ALIMENTOS VILLATERRA', 48),
('mixta', 'LA CAVA EST.1995', 49),
('denominativa', 'IDHEA STORE', 50),
('denominativa', 'FEMIVITAL', 51),
('denominativa', 'LA BONA', 52),
('mixta', 'ZONA ROSAL', 53),
('mixta', 'R', 54),
('mixta', 'R', 55),
('mixta', 'RIDERY', 56),
('mixta', 'BAO BAO', 57),
('mixta', 'TSINGYUAN', 58),
('mixta', 'PITAPOLLO', 59),
('mixta', 'ICC', 60),
('denominativa', 'WALGREENS', 61),
('denominativa', 'CARBAXIN', 62),
('mixta', 'OSTWINT PROFESSIONAL', 63),
('denominativa', 'RESVELDEN', 64),
('mixta', 'GOSSIP', 65),
('mixta', 'METAFRAX GROUP', 66),
('denominativa', 'ARIZI', 67),
('denominativa', 'DULCOXUNI', 68),
('mixta', 'FOODKART', 69),
('denominativa', 'REELS', 70),
('denominativa', 'REGINA BY EC', 71),
('mixta', 'GALLETAS PUIG CRASKI BRAN', 72),
('mixta', 'CONFITERIA LA GUACAMAYA', 73),
('mixta', 'PLANETA DULCE', 74),
('grafica', NULL, 75),
('denominativa', '¡LOS DE LA CAJITA AZUL!', 76),
('mixta', 'POMPOSSO', 77),
('mixta', 'PITAHAYA MEDIA MARKETING', 78),
('denominativa', 'DON LUCIANO', 79),
('mixta', 'MEDFALCH', 80),
('denominativa', 'INSPIRE GREATNESS', 81),
('mixta', 'BIOZTRONICS', 82),
('denominativa', 'METAONE', 83),
('denominativa', 'SIKASCREED', 84),
('denominativa', 'CESAR SHOES', 85),
('mixta', 'LOS ROSALES', 86),
('mixta', 'PINK SILVER', 87),
('mixta', 'TELLUS POWER', 88),
('mixta', 'EL CLUB DE LAS PAYASITAS', 89),
('mixta', 'CLAVO VARETA C.A. MEJIA & CIA', 90),
('mixta', 'TRITON', 91),
('denominativa', 'CAPITAL GRILL', 92),
('mixta', 'POSITEX', 93),
('mixta', 'WAFER 365 XL', 94),
('mixta', 'OG', 95),
('denominativa', 'SACA EL PECHO FEST', 96),
('mixta', 'PLASTICOS CELIA', 97),
('mixta', 'AION', 98),
('mixta', 'MEETION', 99),
('mixta', 'NUTRIT YEAST', 100),
('mixta', 'O2 OXIVEN', 101),
('denominativa', 'VERSITIV', 102),
('mixta', 'LATITUD SEGUROS', 103),
('denominativa', 'NIREDON', 104),
('mixta', 'MATILDA', 105),
('grafica', NULL, 106),
('mixta', 'LV', 107),
('grafica', NULL, 108),
('grafica', NULL, 109),
('mixta', 'PEROS', 110),
('mixta', 'LOS LLANOS', 111),
('denominativa', 'LEO', 112),
('mixta', 'LA TOSCANA', 113),
('mixta', 'CAFE CENDE', 114),
('grafica', NULL, 115),
('denominativa', 'MIARROZ', 116),
('mixta', 'REDDOT', 117),
('mixta', 'GRUPO MC', 118),
('mixta', 'HD', 120),
('denominativa', 'KEJUMALU', 121),
('mixta', 'MULTIMALL CENTER', 122),
('mixta', 'SARITA', 123),
('mixta', 'AIKOZ', 124),
('mixta', 'GREEN TIDE EXTRACTO DE ALGA', 125),
('denominativa', 'PRONOV', 126),
('mixta', 'EMELIE', 127),
('mixta', 'LA SANAHORIA', 128),
('denominativa', 'SBR', 129),
('denominativa', 'EL FRUTO DE UNA TRADICION', 130),
('mixta', 'MANGUANGUA', 131),
('mixta', 'ARQOS', 132),
('grafica', NULL, 133),
('mixta', 'Gansito', 134),
('denominativa', 'BIOFARM', 135),
('mixta', 'CHUCHO CAFE', 136),
('grafica', NULL, 137),
('mixta', 'MAVESA', 138),
('mixta', 'ASTRO100', 139),
('denominativa', 'FARMACIA RIO', 140),
('mixta', 'AGRO SIMON SEMBRAMOS AGRONEGOCIOS', 141),
('denominativa', 'MAS QUE HAMBURGUESAS', 142),
('denominativa', 'MAROLIO', 143),
('grafica', NULL, 144),
('denominativa', 'VCRenewables', 145),
('denominativa', 'SIENTE LA COCINA', 146),
('denominativa', 'SIENTE LA COCINA', 147),
('mixta', 'CAFE PALMA REAL', 148),
('denominativa', 'VIRTUOSO', 149),
('denominativa', 'DURAMAX', 150),
('denominativa', 'KRONUTS', 151),
('mixta', 'MERLIN', 152),
('denominativa', 'ECO RHELEN', 153),
('mixta', 'CHAIN A LA PARRILLA', 154),
('denominativa', 'SALMTECH', 155),
('denominativa', 'VENTO', 156),
('mixta', 'PEPSI', 157),
('grafica', NULL, 158),
('mixta', 'DECOPAINT', 159),
('mixta', 'PAFIA', 160),
('denominativa', 'PERPETUAL 1908', 161),
('denominativa', 'ISOTRETIN', 162),
('denominativa', 'ALTA D', 163),
('denominativa', 'FIRMFIT', 164),
('mixta', 'MANPA ECOLOGY SUTIL', 165),
('mixta', 'MINISO', 166),
('mixta', 'PAOLA STUDIO', 167),
('denominativa', 'NULLO WEB', 168),
('mixta', 'THOM SAILOR', 169),
('mixta', 'M', 170),
('mixta', 'QUEENS LEAGUE', 171),
('mixta', 'SUNTY MANZANA', 172),
('denominativa', 'CAFE SEMPITERNO', 173),
('mixta', 'ORIENTAL', 174),
('mixta', 'TU ALIADO', 175),
('mixta', 'MOTUL EGEN', 176),
('mixta', 'PALUZ', 177),
('denominativa', 'YALA', 178),
('mixta', 'ABBA ENMANUEL', 179),
('mixta', 'BISTON', 180),
('mixta', 'SMART HOME', 181),
('mixta', 'JOHNSON&JOHNSON', 182),
('denominativa', 'SOL DE JANEIRO', 183),
('mixta', 'OMEGA ELECTRONICS', 184),
('denominativa', 'CHOCOLATE LATINOAMERICANO SOSTENIBLE', 185),
('denominativa', 'BARBEBIEN', 186),
('mixta', 'ZAMUSA', 187),
('denominativa', 'ZUBI', 188),
('denominativa', 'SAINT LAURENT', 189),
('mixta', 'XETUX', 190),
('mixta', 'PINTURAS COINPICA', 191),
('mixta', 'LEVARE', 192),
('denominativa', 'GREINO', 193),
('mixta', 'DELANTO', 194),
('denominativa', 'SABRE', 195),
('mixta', 'YOY', 196),
('denominativa', 'NIZOX', 197),
('mixta', 'CALIFORNIA COLLECTION', 198),
('mixta', 'IMPOL', 199),
('grafica', NULL, 200),
('mixta', 'AIKOZ', 201),
('denominativa', 'THYGENEXT', 202),
('denominativa', 'RASPA TU SUERTE', 203),
('denominativa', 'FEMDIEN', 204),
('mixta', 'BIMBA Y LOLA', 205),
('mixta', 'Gmillet', 206),
('denominativa', 'PROBIOMED', 207),
('denominativa', 'MEGAN BATLA', 208),
('mixta', 'ROSWILL', 209),
('mixta', 'LUATEK', 210),
('mixta', 'MAREAH', 211),
('mixta', 'ARABITO FERRETERIAS', 212),
('denominativa', 'EVOLUTION', 213),
('mixta', 'MAXWELL', 214),
('mixta', 'SEU ALIMENTOS', 215),
('mixta', 'FLUXUS', 216),
('mixta', 'T TAWALA', 217),
('mixta', 'WILD OLIVE', 218),
('mixta', 'KALY', 219),
('denominativa', 'HANA', 220),
('mixta', 'MOLINA VIAJES', 221),
('mixta', 'PREMIER PADEL', 222),
('mixta', 'LABANCALAW', 223),
('grafica', NULL, 224),
('mixta', 'B BESTANDIG APPLIANCES', 225),
('mixta', 'B BESTANDIG APPLIANCES', 226),
('mixta', 'GATHOPE', 227),
('denominativa', 'NOPUCID', 228),
('denominativa', 'MAPLE ACE', 229),
('denominativa', 'AVENIDA HOME', 230),
('denominativa', 'INNOVACION A TU ALCANCE', 231),
('mixta', 'SOR', 232),
('mixta', 'SOR', 233),
('denominativa', 'PAISAJE GLOBAL', 234),
('denominativa', 'CITRACELL-PROTECT', 235),
('mixta', 'M M', 236),
('mixta', 'FarmaPay', 237),
('mixta', 'AGC YOUR DREAMS, OUR CHALLENGE', 238),
('mixta', 'ASTER', 239),
('mixta', 'IZY', 240),
('mixta', 'LUVENE', 241),
('denominativa', 'CELAFLOR', 242),
('mixta', 'MENTALINK', 243),
('mixta', 'ZETA´S MOTORCYCLE PARTS', 244),
('mixta', 'MI REGALO PA CHAVEZ ES VOTANDO', 245),
('mixta', 'HO.LA', 246),
('mixta', 'PORTADAS AL DIA', 247),
('mixta', 'FEITIAN', 248),
('denominativa', 'APPLE SPORTS', 249),
('denominativa', 'KERAKOLL', 250),
('mixta', 'PERFECT SENSE', 251),
('denominativa', 'GIOVANNI SCUTARO MILANO', 252),
('denominativa', 'PEPECOOL', 253),
('grafica', NULL, 254),
('denominativa', 'ANTADYS', 255),
('mixta', 'ROC', 256),
('mixta', 'MOLLY', 257),
('mixta', 'NEXGO CLOUD', 258),
('denominativa', 'GLICEMIN', 259),
('mixta', 'VDI', 260),
('mixta', 'JUEGOS INDIGENAS', 261),
('mixta', 'FVF', 262),
('mixta', 'XTREME PERFORMANCE', 263),
('mixta', 'HIPOCAMPO SALA SHOW', 264),
('mixta', 'HUMMER', 265),
('denominativa', 'ACTYON', 266),
('mixta', 'WOLF BY EBITEN', 267),
('denominativa', 'FERREXEL', 268),
('mixta', 'ÜMA', 269),
('mixta', 'UDUKE', 270),
('denominativa', 'MAUREL & PROM', 271),
('denominativa', 'RUTILARC', 272),
('mixta', 'EBC COLLECTION', 273),
('mixta', 'SHOFU', 274),
('denominativa', 'ALLY', 275),
('denominativa', 'ZIU', 276),
('mixta', 'INTACO', 277),
('mixta', 'KUENTRO', 278),
('mixta', 'R', 279),
('denominativa', 'PENOTTI', 280),
('grafica', NULL, 281),
('mixta', 'MUSAI', 282),
('mixta', 'CAMEL', 283),
('denominativa', 'CINES UNIDOS CLUB', 284),
('denominativa', 'CONECTADOS CON TU VIDA', 285),
('denominativa', 'ATTIMO', 286),
('mixta', 'TEDEXIS', 287),
('mixta', 'MAXPRO', 288),
('denominativa', 'SOFTMOVE', 289),
('mixta', '+QCAMPUS', 290),
('denominativa', 'SYNTHESIA TECHNOLOGY', 291),
('denominativa', 'ECARVIT', 292),
('mixta', 'DON VILLA', 293),
('denominativa', 'KHOUDARY', 294),
('denominativa', 'LA EXPERIENCIA DE GANAR', 295),
('denominativa', 'PLAYA SECA POLAR LIGHT', 296),
('mixta', 'FLIGHT', 297),
('mixta', 'GRAN LOGIA DE LA REPUBLICA DE VENEZUELA', 298),
('mixta', 'ACCUMES', 299),
('mixta', 'SIMPLE', 300);